year,date,kill_no,hunter_ID,sex,weight_lbs,age_months,beam_diam_mm,antler_points,girth_in,teat_length_mm,notes
1984,1984-11-19,1,13,M,85,16,16,2,31,NA,"heart,lungs, liver still present in weight"
1984,1984-11-19,2,406,M,110,30,22,5,35,NA,"heart,lungs, liver still present in weight"
1984,1984-11-19,3,240,M,120,42,29,7,37.5,NA,"heart,lungs, liver still present in weight"
1984,1984-11-19,4,93,M,75,18,14,2,31,NA,"heart,lungs, liver still present in weight"
1984,1984-11-19,5,154,M,120,30,25,7,35,NA,
1984,1984-11-19,6,453,M,95,20,22,2,33.5,NA,"heart,lungs, liver still present in weight"
1984,1984-11-19,7,158,F,105,19,NA,NA,32,NA,
1984,1984-11-19,8,123,F,50,6,NA,NA,27.5,NA,
1984,1984-11-19,9,457,F,80,17,NA,NA,33,NA,
1984,1984-11-19,10,113,M,80,20,18,2,30,NA,"heart,lungs, liver still present in weight"
1984,1984-11-19,11,175,F,115,78,NA,NA,35,NA,
1984,1984-11-19,12,480,F,85,16,NA,NA,34,NA,
1984,1984-11-19,13,284,M,100,19,17,4,35,NA,
1984,1984-11-19,14,285,F,105,30,NA,NA,36,NA,"heart,lungs, liver still present in weight"
1984,1984-11-19,15,512,M,80,20,14,2,32,NA,
1984,1984-11-19,16,327,M,110,30,19,7,32.5,NA,
1984,1984-11-19,17,400,M,80,19,16,2,34,NA,
1984,1984-11-20,18,128,M,NA,NA,NA,4,NA,NA,did not get other measurements
1984,1984-11-20,19,408,M,110,19,21,4,33.5,NA,
1984,1984-11-20,20,94,F,95,19,NA,NA,34,NA,
1984,1984-11-20,21,37,M,85,16,17,3,34,NA,
1984,1984-11-20,22,86,M,95,17,22,6,34.5,NA,
1984,1984-11-20,23,159,M,90,18,18,2,32.5,NA,
1984,1984-11-20,24,113,F,105,54,NA,NA,36,NA,
1984,1984-11-20,25,63,M,85,17,16,2,32,NA,
1984,1984-11-21,26,117,F,100,54,NA,NA,34,NA,
1984,1984-11-21,27,435,M,95,17,19,2,33,NA,
1984,1984-11-21,28,195,M,105,19,17,3,34,NA,
1984,1984-11-21,29,401,F,97,17,NA,NA,34,NA,
1984,1984-11-21,30,71,M,105,19,18,2,34,NA,
1984,1984-11-21,31,73,M,90,21,14,2,32,NA,
1984,1984-11-21,32,326,M,123,30,25,6,36,NA,
1984,1984-11-21,33,105,M,80,20,18,2,30.5,NA,
1984,1984-11-22,34,237,M,85,19,14,2,32,NA,
1984,1984-11-22,35,139,M,105,17,17,2,35,NA,
1984,1984-11-22,36,402,M,80,16,11,2,34,NA,
1984,1984-11-23,37,272,M,126,30,29,8,32.5,NA,
1984,1984-11-24,38,469,M,75,16,16,2,31,NA,
1984,1984-11-25,39,25,M,95,18,16,2,32,NA,
1984,1984-11-26,40,344,M,105,19,24,8,31.5,NA,
1985,1985-11-18,1,85,M,105,18,22,6,NA,NA,archery
1985,1985-11-18,2,312,M,110,18,19,3,35,NA,
1985,1985-11-18,3,512,M,102,30,17,3,34.5,NA,
1985,1985-11-18,4,420,M,74,18,18,2,33,NA,
1985,1985-11-18,5,27,M,75,18,15,2,32,NA,
1985,1985-11-18,6,344,F,45,6,NA,NA,28,NA,
1985,1985-11-18,7,439,M,75,17,18,2,32,NA,
1985,1985-11-18,8,199,M,47,5,NA,NA,27,NA,sublegal
1985,1985-11-18,9,511,M,55,5,NA,NA,29,NA,sublegal
1985,1985-11-18,10,113,M,80,18,12,2,30.5,NA,
1985,1985-11-18,11,507,F,83,30,NA,NA,34,NA,
1985,1985-11-18,12,258,F,95,42,NA,NA,35.5,NA,
1985,1985-11-18,13,98,M,81,17,17,2,33.5,NA,
1985,1985-11-18,14,159,M,59,6,NA,NA,28,NA,sublegal
1985,1985-11-18,15,139,M,124,42,24,6,36,NA,
1985,1985-11-18,16,78,M,97,42,23,5,35,NA,
1985,1985-11-18,17,93,M,86,17,18,4,33.5,NA,
1985,1985-11-18,18,435,M,75,19,16,2,32.5,NA,
1985,1985-11-18,19,112,M,110,18,21,5,35,NA,
1985,1985-11-18,20,60,M,80,18,14,2,31,NA,
1985,1985-11-18,21,117,M,NA,NA,NA,NA,NA,NA,sublegal
1985,1985-11-18,22,59,M,93,18,18,4,31,NA,
1985,1985-11-18,23,457,F,82,54,NA,NA,36,NA,
1985,1985-11-18,24,195,F,75,19,NA,NA,33,NA,
1985,1985-11-18,25,438,F,50,6,NA,NA,28,NA,
1985,1985-11-18,26,63,M,75,19,14,2,27.5,NA,
1985,1985-11-18,27,24,M,74,19,13,2,30,NA,
1985,1985-11-18,28,73,F,75,30,NA,NA,32,NA,
1985,1985-11-18,29,218,F,48,6,NA,NA,28,NA,
1985,1985-11-18,30,30,M,117,19,20,4,36.5,NA,
1985,1985-11-18,31,224,M,130,30,27,10,37,NA,
1985,1985-11-19,32,37,M,80,19,16,2,31.5,NA,
1985,1985-11-19,33,461,M,130,42,24,8,34.5,NA,
1985,1985-11-19,34,76,M,101,17,23,4,35,NA,
1985,1985-11-19,35,500,F,65,42,NA,NA,31,NA,
1985,1985-11-19,36,175,M,56,6,NA,NA,29,NA,sublegal
1985,1985-11-19,37,368,F,74,42,NA,NA,32.5,15,
1985,1985-11-19,38,95,M,83,18,18,3,31,NA,
1985,1985-11-19,39,131,M,43,5,NA,NA,23,NA,sublegal
1985,1985-11-20,40,463,F,90,30,NA,NA,34.5,NA,
1985,1985-11-20,41,22,F,75,6,NA,NA,30,NA,
1985,1985-11-20,42,342,M,123,42,36,8,35.5,NA,
1985,1985-11-21,43,122,F,83,30,NA,NA,30,NA,
1985,1985-11-21,44,86,M,88,19,22,5,29.5,NA,
1985,1985-11-23,45,283,M,92,17,19,2,32,NA,
1985,1985-11-23,46,35,M,90,17,20,5,27,NA,
1985,1985-11-23,47,447,M,110,30,25,8,33.5,NA,
1985,1985-11-23,48,432,M,96,17,20,6,32,NA,
1985,1985-11-23,49,188,M,83,19,17,4,30.5,NA,
1985,1985-11-23,50,367,M,101,18,18,4,34.5,NA,
1985,1985-11-23,51,509,M,94,18,17,4,31,NA,
1985,1985-11-23,52,178,M,90,18,19,3,30.5,NA,
1985,1985-11-23,53,378,M,92,19,20,7,32,NA,
1985,1985-11-23,54,469,M,85,18,17,4,31.5,NA,
1985,1985-11-23,55,339,M,82,19,16,2,30,NA,
1986,1986-11-17,1,62,M,88,17,15,2,32,NA,
1986,1986-11-17,2,170,M,84,18,19,3,31.5,NA,
1986,1986-11-17,3,513,M,76,18,14,2,30.5,NA,
1986,1986-11-17,4,42,M,85,17,15,3,31.5,NA,
1986,1986-11-17,5,436,M,76,19,15,4,31.5,NA,
1986,1986-11-17,6,354,M,86,17,18,4,NA,NA,
1986,1986-11-17,7,86,M,157,42,31,10,36.5,NA,
1986,1986-11-17,8,340,M,40,6,NA,NA,23.5,NA,sublegal
1986,1986-11-17,9,352,M,83,17,12,2,33,NA,
1986,1986-11-17,10,343,F,97,126,NA,NA,35,NA,"age could be more, notation on fieldsheet of 10.5+"
1986,1986-11-17,11,117,M,91,19,15,2,32.5,NA,
1986,1986-11-17,12,453,M,95,17,16,2,32,NA,
1986,1986-11-17,13,95,M,83,18,20,4,31.5,NA,
1986,1986-11-17,14,277,M,89,30,20,6,31,NA,
1986,1986-11-17,15,480,M,97,18,20,5,34,NA,
1986,1986-11-17,16,481,F,71,30,NA,NA,32,NA,
1986,1986-11-17,17,454,F,80,30,NA,NA,32,NA,
1986,1986-11-17,18,139,M,92,19,19,6,34.5,NA,
1986,1986-11-17,19,381,M,88,18,11,2,33,NA,
1986,1986-11-17,20,119,M,94,19,18,4,33.5,NA,
1986,1986-11-17,21,490,M,87,19,16,5,32.5,NA,
1986,1986-11-17,22,195,F,67,19,NA,NA,30.5,NA,
1986,1986-11-17,23,258,F,80,54,NA,NA,33.5,NA,
1986,1986-11-17,24,58,M,36,5,NA,NA,24,NA,sublegal
1986,1986-11-17,25,502,M,76,18,13,2,30,NA,
1986,1986-11-17,26,112,F,88,19,NA,NA,34.5,NA,
1986,1986-11-17,27,199,F,79,78,NA,NA,32,NA,
1986,1986-11-17,28,36,M,121,30,28,8,34.5,NA,
1986,1986-11-17,29,46,M,78,18,14,2,32,NA,
1986,1986-11-17,30,78,M,96,18,16,4,31.5,NA,
1986,1986-11-17,31,283,M,80,18,16,5,32.5,NA,
1986,1986-11-17,32,144,M,105,30,20,5,32,NA,
1986,1986-11-17,33,475,M,125,30,27,8,37,NA,
1986,1986-11-17,34,17,M,78,18,14,2,32.5,NA,
1986,1986-11-17,35,65,M,90,30,18,4,32,NA,
1986,1986-11-17,36,469,M,83,17,16,3,31,NA,
1986,1986-11-17,37,346,F,82,66,NA,NA,32.5,NA,
1986,1986-11-17,38,489,F,77,30,NA,NA,31,NA,
1986,1986-11-17,39,3,M,45,5,NA,NA,27,NA,age could be 6 months; fieldsheet has age as 5-6 months
1986,1986-11-18,40,199,M,80,18,14,2,31,NA,
1986,1986-11-18,41,56,M,84,17,20,6,31.5,NA,
1986,1986-11-18,42,153,F,68,18,NA,NA,31,10,
1986,1986-11-18,43,268,M,117,30,25,5,32.5,NA,
1986,1986-11-18,44,117,F,86,42,NA,NA,31.5,NA,
1986,1986-11-18,45,401,M,42,5,NA,NA,27,NA,sublegal; age could be 6 months; fieldsheet has age as 5-6 months
1986,1986-11-18,46,440,M,45,6,NA,NA,24,NA,sublegal
1986,1986-11-18,47,131,F,22,5,NA,NA,20,NA,
1986,1986-11-18,48,439,F,32,6,NA,NA,21.5,NA,
1986,1986-11-18,49,362,F,93,30,NA,NA,33,NA,
1986,1986-11-19,NA,463,F,NA,NA,NA,NA,NA,NA,unclaimed
1986,1986-11-19,50,429,M,50,5,NA,NA,26,NA,sublegal
1986,1986-11-19,51,178,F,88,42,NA,NA,33.5,NA,
1986,1986-11-19,52,73,F,38,5,NA,NA,23.5,NA,age could be 6 months; fieldsheet has age as 5-6 months
1986,1986-11-19,53,347,F,77,42,NA,NA,32,NA,
1986,1986-11-20,54,432,M,124,30,22,6,35,NA,
1986,1986-11-20,55,177,M,36,5,NA,NA,23,NA,sublegal; age could be 6 months; fieldsheet has age as 5-6 months
1986,1986-11-21,56,176,F,67,42,NA,NA,32,NA,
1986,1986-11-22,57,64,M,68,17,14,3,28,NA,
1986,1986-11-22,58,495,M,78,18,14,2,32,NA,
1986,1986-11-22,59,258,M,92,18,16,2,31,NA,
1986,1986-11-22,60,507,F,76,19,NA,NA,31.5,NA,
1986,1986-11-22,61,86,F,78,90,NA,NA,31,NA,
1986,1986-11-22,62,25,M,85,18,18,2,32.5,NA,
1986,1986-11-22,63,77,M,80,18,18,2,31.5,NA,
1986,1986-11-22,64,57,M,72,6,NA,NA,29.5,NA,
1986,1986-11-22,65,500,F,77,30,NA,NA,34,NA,sublegal
1986,1986-11-22,66,457,F,81,30,NA,NA,34,NA,
1986,1986-11-23,67,343,M,88,19,17,3,32,NA,
1986,1986-11-23,68,289,M,62,6,NA,NA,28.5,NA,button buck
1986,1986-11-23,69,512,M,80,18,16,5,31,NA,
1986,1986-11-23,70,328,M,89,19,19,4,31,NA,
1986,1986-11-23,71,337,M,119,30,26,8,35.5,NA,
1986,1986-11-23,72,432,F,95,30,NA,NA,34,NA,in heat
1986,1986-11-23,73,344,F,70,18,NA,NA,30.5,NA,
1986,1986-11-23,74,48,F,102,78,NA,NA,33,NA,
1986,1986-11-23,75,94,F,82,90,NA,NA,30.5,NA,
1986,1986-11-23,76,159,F,34,6,NA,NA,24,NA,
1986,1986-11-27,77,418,M,81,17,16,2,32.5,NA,
1986,1986-11-27,78,512,M,124,30,26,4,35,NA,
1986,1986-11-27,79,510,M,110,19,21,6,34,NA,
1986,1986-11-27,80,370,M,77,17,16,3,30,NA,
1986,1986-11-29,81,159,M,68,17,10,NA,27,NA,sublegal
1986,1986-11-30,82,437,M,70,18,20,4,32.5,NA,"fieldsheet had ""yearling""; used the median age for yearlings"
1986,1986-11-30,83,382,M,132,NA,30,8,38.5,NA,"fieldsheet had age as ""adult"""
1986,1986-12-03,84,509,M,86,18,16,2,33,NA,"fieldsheet had ""yearling""; used the median age for yearlings"
1987,1987-11-16,1,24,M,NA,17,15,2,NA,NA,
1987,1987-11-16,2,163,M,67,17,12,2,28.5,NA,
1987,1987-11-16,3,459,F,83,42,NA,NA,33,NA,
1987,1987-11-16,4,78,M,135,30,23,5,35,NA,
1987,1987-11-16,5,422,M,103,18,14,2,34.5,NA,
1987,1987-11-16,6,493,F,75,78,NA,NA,31,NA,
1987,1987-11-16,7,455,F,83,54,NA,NA,32,NA,
1987,1987-11-16,8,456,M,81,19,15,2,31.5,NA,
1987,1987-11-16,9,281,M,54,5,NA,NA,27.5,NA,button buck; age could be 6 months; fieldsheet has age as 5-6 months
1987,1987-11-16,10,122,M,112,30,20,8,34,NA,
1987,1987-11-16,11,246,M,65,17,13,2,29.5,NA,
1987,1987-11-16,12,137,M,86,30,16,2,31,NA,
1987,1987-11-16,13,428,M,111,18,17,2,34,NA,
1987,1987-11-16,14,212,M,90,30,16,3,32.5,NA,
1987,1987-11-16,15,44,M,70,19,11,2,30.75,NA,
1987,1987-11-16,16,352,M,101,30,19,4,31.25,NA,
1987,1987-11-16,17,446,F,42,6,NA,NA,26.5,NA,
1987,1987-11-16,18,462,M,86,18,20,3,31.5,NA,
1987,1987-11-16,19,32,M,92,30,20,4,31,NA,
1987,1987-11-16,20,157,F,46,6,NA,NA,27.5,NA,
1987,1987-11-16,21,46,M,87,30,17,4,32,NA,
1987,1987-11-16,22,123,M,73,17,13,2,31.5,NA,
1987,1987-11-16,23,75,M,85,18,12,2,30,NA,
1987,1987-11-16,24,346,F,71,30,NA,NA,28.5,NA,
1987,1987-11-16,25,457,M,89,30,15,3,29,NA,
1987,1987-11-16,26,401,M,53,17,12,2,29,NA,
1987,1987-11-16,27,195,F,79,30,NA,NA,32.5,NA,
1987,1987-11-16,28,401,F,82,90,NA,NA,33,NA,
1987,1987-11-16,29,362,F,97,30,NA,NA,33,NA,
1987,1987-11-16,30,80,M,37,6,NA,NA,26,NA,button buck
1987,1987-11-16,31,296,F,62,17,NA,NA,29.5,NA,
1987,1987-11-16,32,80,M,88,19,16,2,32.5,NA,
1987,1987-11-16,33,507,F,80,30,NA,NA,31.5,NA,
1987,1987-11-16,34,258,F,70,30,NA,NA,31,NA,
1987,1987-11-16,35,213,M,86,17,15,2,25,NA,
1987,1987-11-16,36,199,F,73,54,NA,NA,31,NA,
1987,1987-11-17,37,328,M,94,18,21,8,32,NA,
1987,1987-11-17,38,221,F,75,54,NA,NA,30,15,
1987,1987-11-17,39,94,F,91,78,NA,NA,32,15,
1987,1987-11-17,40,118,M,90,18,16,4,31.5,NA,
1987,1987-11-17,41,103,M,33,5,NA,NA,22.5,NA,button buck
1987,1987-11-17,42,439,M,34,5,NA,NA,22,NA,button buck
1987,1987-11-17,43,144,M,88,18,9,2,32.5,NA,
1987,1987-11-17,44,37,M,82,17,17,2,31,NA,
1987,1987-11-17,45,122,F,83,42,NA,NA,31.5,NA,
1987,1987-11-17,48,64,M,125,30,28,8,NA,NA,
1987,1987-11-18,46,85,M,152,42,35,8,36.5,NA,
1987,1987-11-18,47,86,M,80,18,NA,NA,31,NA,sublegal
1987,1987-11-18,49,117,M,69,17,10,2,26.5,NA,
1987,1987-11-19,50,176,F,32,6,NA,NA,NA,NA,"fieldshetet had ""fawn"" used average age of fawns"
1987,1987-11-19,51,73,F,56,42,NA,NA,29.5,NA,
1987,1987-11-19,NA,463,F,55,6,NA,NA,28.5,6,unclaimed; non-dressed weight 84
1987,1987-11-20,52,117,M,80,18,16,2,30.5,NA,
1987,1987-11-21,53,268,F,71,42,NA,NA,31,7,
1987,1987-11-21,54,33,M,35,5,NA,NA,25,NA,button buck
1987,1987-11-21,55,101,M,92,30,18,4,33.5,NA,
1987,1987-11-21,56,340,M,35,6,NA,NA,NA,NA,"fieldshetet had ""fawn"" used average age of fawns; button buck"
1987,1987-11-22,57,213,F,81,90,NA,NA,31.5,15,
1987,1987-11-22,58,14,F,83,66,NA,NA,33,12,
1987,1987-11-22,59,373,F,81,42,NA,NA,32.5,NA,
1987,1987-11-22,60,195,M,79,17,13,2,31,NA,
1987,1987-11-22,61,3,F,86,54,NA,NA,32,NA,
1987,1987-11-22,62,290,F,81,30,NA,NA,30.5,NA,
1987,1987-11-23,63,248,F,NA,NA,NA,NA,NA,NA,
1987,1987-11-23,64,183,F,83,42,NA,NA,31.5,NA,
1987,1987-11-24,65,141,F,71,30,NA,NA,29.5,NA,
1987,1987-11-25,66,469,F,79,30,NA,NA,31,NA,
1987,1987-11-25,67,158,M,80,17,17,4,31.5,NA,
1987,1987-11-25,68,158,F,74,30,NA,NA,30.5,NA,
1987,1987-11-28,69,343,M,74,17,NA,2,NA,NA,
1988,1988-11-21,1,378,M,NA,NA,NA,2,NA,NA,
1988,1988-11-21,2,343,F,86,30,NA,NA,32,NA,
1988,1988-11-21,3,278,M,105,30,21,4,32,NA,
1988,1988-11-21,4,246,M,93,30,14,4,33,NA,
1988,1988-11-21,5,428,M,138,30,25,7,36,NA,
1988,1988-11-21,6,139,M,62,17,15,2,29,NA,
1988,1988-11-21,7,63,M,114,19,19,5,31.5,NA,
1988,1988-11-21,8,175,M,92,17,13,2,31.5,NA,
1988,1988-11-21,9,263,M,84,18,15,3,31.5,NA,
1988,1988-11-21,10,64,M,75,30,13,2,30.5,NA,
1988,1988-11-21,11,132,M,84,30,19,5,29.5,NA,
1988,1988-11-21,12,27,M,90,30,15,2,30.5,NA,
1988,1988-11-21,13,352,F,62,6,NA,NA,31,NA,
1988,1988-11-21,14,122,M,79,17,11,2,31,NA,
1988,1988-11-21,15,422,M,71,17,16,2,30,NA,
1988,1988-11-21,16,362,M,82,19,15,3,31.5,NA,
1988,1988-11-21,17,199,F,72,42,NA,NA,30,NA,
1988,1988-11-21,18,240,F,89,30,NA,NA,31.5,NA,
1988,1988-11-21,19,340,F,103,42,NA,NA,31.5,NA,
1988,1988-11-21,20,436,F,80,78,NA,NA,30,NA,
1988,1988-11-21,21,71,F,80,54,NA,NA,30,NA,
1988,1988-11-21,22,82,M,100,19,16,6,32.5,NA,
1988,1988-11-21,23,17,M,98,19,20,6,32,NA,
1988,1988-11-21,24,485,M,44,5,NA,NA,25,NA,button buck
1988,1988-11-21,25,345,F,76,30,NA,NA,30.5,NA,
1988,1988-11-21,26,34,F,70,17,NA,NA,31.5,NA,
1988,1988-11-21,27,123,F,86,42,NA,NA,31,NA,
1988,1988-11-22,28,32,M,83,30,16,5,29.5,NA,
1988,1988-11-22,29,281,F,79,17,NA,NA,31.5,NA,
1988,1988-11-22,30,106,M,98,19,17,3,33.5,NA,
1988,1988-11-22,31,117,F,92,54,NA,NA,32.5,NA,
1988,1988-11-22,32,288,F,86,30,NA,NA,33,NA,
1988,1988-11-22,33,277,F,80,19,NA,NA,33,NA,
1988,1988-11-25,34,423,M,101,30,24,7,32.5,NA,
1988,1988-11-25,35,427,M,79,17,12,2,27.5,NA,
1988,1988-11-25,36,88,F,88,78,NA,NA,33.5,NA,
1988,1988-11-25,37,175,F,43,5,NA,NA,26,NA,
1988,1988-11-26,38,85,F,98,30,NA,NA,34.5,NA,
1988,1988-11-27,39,303,M,73,17,NA,NA,29,NA,sublegal
1988,1988-12-06,40,86,F,95,90,NA,NA,NA,NA,
1988,1988-12-06,41,383,F,77,42,NA,NA,31,NA,
1988,1988-12-04,42,493,F,108,54,NA,NA,38,NA,
1988,1988-12-04,43,241,M,63,18,11,2,26,NA,
1988,1988-12-07,44,131,F,92,30,NA,NA,30,NA,
1989,1989-11-20,1,507,M,66,17,NA,NA,28,NA,sublegal
1989,1989-11-20,2,460,F,78,30,NA,NA,32.5,NA,
1989,1989-11-20,3,28,M,114,19,16,2,33,NA,
1989,1989-11-20,4,85,M,80,30,17,4,28,NA,
1989,1989-11-20,5,432,M,94,30,19,7,31,NA,
1989,1989-11-20,6,240,F,80,54,NA,NA,32,NA,
1989,1989-11-20,7,71,M,78,17,NA,NA,30.5,NA,sublegal
1989,1989-11-20,8,73,M,70,18,15,2,27.5,NA,
1989,1989-11-20,9,199,M,89,17,16,3,33,NA,
1989,1989-11-20,10,252,M,60,6,NA,NA,29,NA,sublegal
1989,1989-11-20,11,117,M,64,6,NA,NA,27,NA,sublegal
1989,1989-11-20,12,144,M,92,18,15,3,33,NA,
1989,1989-11-20,13,123,M,42,6,NA,NA,26.5,NA,sublegal
1989,1989-11-20,14,485,M,77,17,12,2,31,NA,
1989,1989-11-21,15,221,F,80,42,NA,NA,34,NA,
1989,1989-11-21,16,64,M,84,18,15,2,32,NA,
1989,1989-11-21,17,348,M,147,30,26,8,37,NA,
1989,1989-11-22,18,370,F,82,104,NA,NA,34,NA,
1989,1989-11-22,19,122,F,80,42,NA,NA,32,NA,
1989,1989-11-22,20,362,F,90,54,NA,NA,33,NA,
1989,1989-11-23,21,485,F,88,42,NA,NA,34,NA,
1989,1989-11-23,22,432,M,64,17,NA,2,28,NA,sublegal
1989,1989-11-24,23,24,M,92,30,17,4,32,NA,
1989,1989-11-24,24,373,F,89,66,NA,NA,32.5,NA,
1989,1989-11-24,25,340,M,73,18,NA,NA,30,NA,sublegal
1989,1989-11-24,26,29,F,73,19,NA,NA,32,NA,
1989,1989-11-24,27,86,F,100,42,NA,NA,36,NA,
1989,1989-11-24,28,155,M,75,30,20,5,27,NA,
1989,1989-11-25,29,106,M,100,30,19,4,33,NA,
1989,1989-11-25,30,441,M,70,17,10,2,30,NA,
1989,1989-11-25,31,98,M,100,18,19,6,35,NA,
1989,1989-11-25,32,452,F,84,54,NA,NA,31,NA,
1989,1989-11-25,33,421,M,75,30,21,6,32,NA,
1989,1989-11-25,34,303,M,65,17,NA,NA,27,NA,sublegal
1990,1990-11-19,1,139,M,95,19,19,6,34,NA,
1990,1990-11-19,2,512,M,82,17,17,3,28.5,NA,
1990,1990-11-19,3,312,M,101,17,16,4,32.5,NA,
1990,1990-11-19,4,199,M,78,18,15,3,30.5,NA,
1990,1990-11-19,5,24,M,83,18,14,2,33,NA,
1990,1990-11-19,6,454,F,102,42,NA,NA,35,NA,
1990,1990-11-19,7,341,M,72,30,22,6,30.5,NA,
1990,1990-11-19,8,337,M,74,17,15,3,31,NA,
1990,1990-11-19,9,86,M,79,17,16,3,32.5,NA,
1990,1990-11-19,10,362,M,116,30,22,6,34,NA,
1990,1990-11-19,11,159,M,81,19,15,2,32,NA,
1990,1990-11-19,12,157,M,93,17,15,2,33,NA,
1990,1990-11-19,13,28,M,84,18,15,3,32,NA,
1990,1990-11-19,14,156,M,97,30,19,3,33,NA,
1990,1990-11-19,15,17,M,98,19,17,4,32.5,NA,
1990,1990-11-19,16,31,M,91,18,16,2,33.5,NA,
1990,1990-11-19,17,510,M,99,18,18,5,32,NA,
1990,1990-11-19,18,144,M,88,17,20,6,33.5,NA,
1990,1990-11-20,19,343,M,80,18,15,2,30,NA,
1990,1990-11-20,20,24,M,118,30,20,4,34,NA,
1990,1990-11-20,21,433,M,85,18,17,4,33,NA,
1990,1990-11-21,22,378,M,88,30,23,6,33,NA,
1990,1990-11-21,23,365,M,42,5,NA,NA,27,NA,button buck
1990,1990-11-21,24,73,F,90,90,NA,NA,35,NA,
1990,1990-11-21,25,432,M,94,42,22,5,33,NA,
1990,1990-11-21,26,110,F,82,42,NA,NA,34,NA,
1990,1990-11-21,27,112,F,48,6,NA,NA,27,NA,
1990,1990-11-21,28,86,F,82,19,NA,NA,32,NA,
1990,1990-11-21,29,366,F,81,42,NA,NA,33,NA,
1990,1990-11-22,30,296,M,65,5,NA,NA,30,NA,button buck
1990,1990-11-22,31,388,M,138,30,27,8,37,NA,
1990,1990-11-22,32,222,M,100,30,23,8,32,NA,
1990,1990-11-22,33,42,F,87,30,NA,NA,34,NA,
1990,1990-11-22,34,370,F,78,30,NA,NA,32.5,NA,
1990,1990-11-23,35,369,F,96,42,NA,NA,34,NA,
1990,1990-11-24,36,122,M,125,30,18,4,35.5,NA,
1990,1990-11-24,37,81,M,113,30,23,7,35,NA,
1990,1990-11-24,38,258,F,92,30,NA,NA,33.5,NA,
1990,1990-11-24,39,507,F,82,42,NA,NA,32,NA,
1990,1990-11-24,40,467,M,85,30,20,6,34.5,NA,
1990,1990-11-25,41,445,M,100,30,19,8,33.5,NA,
1990,1990-11-25,42,219,F,102,54,NA,NA,36,NA,
1990,1990-11-25,43,457,F,92,30,NA,NA,36,NA,
1990,1990-11-25,44,463,F,NA,6,NA,NA,NA,NA,"unclaimed; age enetered as ""fawn"" median fawn age of 6 months was entered"
1990,1990-11-27,45,85,M,95,30,24,8,34,NA,
1990,1990-11-29,46,213,F,92,18,NA,NA,31.5,NA,
1990,1990-12-01,47,68,M,92,18,17,5,34,NA,
1990,1990-12-03,48,195,M,60,6,NA,NA,30.5,NA,button buck
1990,1990-12-08,49,117,M,112,30,21,5,35.5,NA,
1990,1990-12-09,50,480,F,72,42,NA,NA,31,NA,
1990,1990-12-09,51,481,F,NA,90,NA,NA,NA,NA,
1991,1991-11-18,1,379,M,112,17,17,2,31.5,NA,
1991,1991-11-18,2,258,M,92,30,18,5,31.5,NA,
1991,1991-11-18,3,502,M,98,17,16,4,33,NA,
1991,1991-11-18,4,121,M,90,17,17,2,32,NA,
1991,1991-11-18,5,122,M,122,30,20,7,35.5,NA,
1991,1991-11-18,6,81,M,90,19,23,4,30,NA,
1991,1991-11-18,7,337,M,138,42,25,8,36,NA,
1991,1991-11-18,8,339,M,84,18,17,2,33,NA,
1991,1991-11-18,9,510,M,96,18,20,4,32.5,NA,
1991,1991-11-18,10,98,M,110,30,22,6,33.5,NA,
1991,1991-11-18,11,101,M,106,30,22,6,34,NA,
1991,1991-11-18,12,169,M,106,19,19,7,32.5,NA,
1991,1991-11-18,13,433,M,90,19,20,5,32,NA,
1991,1991-11-18,14,25,M,114,30,26,8,34,NA,
1991,1991-11-18,15,24,M,112,18,20,4,34,NA,
1991,1991-11-18,16,352,M,110,19,16,2,33,NA,
1991,1991-11-18,17,373,M,102,30,21,6,34.5,NA,
1991,1991-11-18,18,370,M,88,19,16,3,32,NA,
1991,1991-11-18,19,184,M,94,19,15,4,31,NA,
1991,1991-11-18,20,103,M,110,30,22,6,33,NA,
1991,1991-11-18,21,117,M,90,18,14,2,30.5,NA,
1991,1991-11-18,22,241,M,112,18,17,4,31,NA,
1991,1991-11-18,23,413,M,122,42,24,6,34.5,NA,
1991,1991-11-18,24,220,M,122,30,20,8,33.5,NA,
1991,1991-11-18,25,131,M,120,30,19,8,36.5,NA,
1991,1991-11-18,26,58,M,92,17,16,4,32,NA,
1991,1991-11-18,27,32,M,122,30,26,6,35,NA,
1991,1991-11-18,28,362,M,92,17,15,4,33.5,NA,
1991,1991-11-18,29,195,M,112,17,19,4,36,NA,
1991,1991-11-18,30,144,M,88,19,15,2,31,NA,
1991,1991-11-18,31,155,M,122,30,23,4,34,NA,could be Jr.
1991,1991-11-18,32,155,M,96,17,16,3,30.5,NA,could be Jr.
1991,1991-11-19,33,274,F,108,66,NA,NA,35,NA,
1991,1991-11-19,34,348,M,120,30,28,8,31.5,NA,
1991,1991-11-19,35,309,M,100,17,15,4,31.5,NA,
1991,1991-11-19,36,240,M,86,6,NA,NA,30.5,NA,button buck
1991,1991-11-19,37,167,F,100,30,NA,NA,34,NA,
1991,1991-11-19,38,205,F,90,17,NA,NA,32.5,NA,
1991,1991-11-19,39,166,F,92,30,NA,NA,34,NA,
1991,1991-11-19,40,340,M,56,5,NA,NA,27,NA,button buck; could be 6 months; fielsheet had range 5-6 months
1991,1991-11-19,41,340,M,124,42,27,10,32,NA,
1991,1991-11-19,42,265,F,78,17,NA,NA,32.5,NA,
1991,1991-11-21,43,60,M,86,17,15,2,31,NA,
1991,1991-11-23,44,365,F,98,18,NA,NA,33,NA,
1991,1991-11-23,45,431,M,100,17,15,2,34,NA,
1991,1991-11-23,46,446,M,70,17,12,2,29,NA,
1991,1991-11-23,47,388,F,86,19,NA,NA,32,NA,
1991,1991-11-23,48,469,M,96,18,17,2,34,NA,
1991,1991-11-23,49,165,F,92,90,NA,NA,34.5,NA,
1991,1991-11-23,50,17,F,96,18,NA,NA,32.5,NA,
1991,1991-11-23,51,63,F,108,17,NA,NA,34,NA,
1991,1991-11-23,NA,463,M,NA,30,18,4,NA,NA,
1991,1991-11-25,52,442,M,58,6,NA,NA,29,NA,button buck
1991,1991-11-28,53,442,M,140,42,21,7,34.5,NA,
1991,1991-11-28,54,176,,NA,NA,NA,NA,NA,NA,
1991,1991-11-28,55,505,F,90,42,NA,NA,33.5,NA,
1991,1991-11-28,56,443,F,88,66,NA,NA,34,NA,
1991,1991-11-28,57,400,M,86,17,18,4,34,NA,
1991,1991-11-30,58,219,M,82,18,15,2,31,NA,
1991,1991-11-30,59,482,M,102,17,16,2,34,NA,
1991,1991-12-05,60,42,F,96,126,NA,NA,NA,NA,age could be more than 126; fieldsheet had 10.5+
1991,1991-12-05,61,336,M,104,30,20,6,32.5,NA,
1991,1991-12-05,62,339,F,52,6,NA,NA,30,NA,
1991,1991-12-05,63,110,F,100,54,NA,NA,34,NA,
1991,1991-12-07,64,273,F,104,NA,NA,NA,35.5,NA,"note of ""going to mount"" under age; no age recorded"
1991,1991-12-07,65,86,M,76,18,14,3,33,NA,
1991,1991-12-07,66,399,F,NA,NA,NA,NA,NA,NA,
1991,1991-12-08,67,32,F,84,42,NA,NA,33.5,NA,
1991,1991-12-08,68,500,F,96,30,NA,NA,36,NA,
1991,1991-12-09,69,122,F,106,66,NA,NA,NA,NA,
1991,1991-12-09,70,17,F,90,30,NA,NA,35.5,NA,
1991,1991-12-10,71,221,M,90,18,NA,2,31,NA,
1991,1991-12-10,72,430,M,86,17,14,2,33,NA,
1991,1991-12-10,73,98,M,NA,19,18,6,NA,NA,
1991,1991-12-10,74,463,F,NA,30,NA,NA,NA,NA,
1991,1991-12-10,75,463,F,NA,42,NA,NA,NA,NA,
1992,1992-11-16,2,28,M,86,17,16,4,35,NA,
1992,1992-11-16,3,365,M,78,18,19,6,28,NA,
1992,1992-11-16,4,81,M,110,30,18,5,32,NA,
1992,1992-11-16,5,175,M,84,18,17,4,33,NA,
1992,1992-11-16,6,120,M,72,17,13,2,30,NA,
1992,1992-11-16,7,186,M,110,30,24,7,35,NA,
1992,1992-11-16,8,262,F,43,5,NA,NA,26,NA,
1992,1992-11-16,9,355,M,76,18,16,4,33,NA,
1992,1992-11-16,10,117,M,154,42,28,7,39,NA,
1992,1992-11-16,NA,328,M,119,17,18,3,37,NA,legally harvested from mineral springs (before BRF purchase)
1992,1992-11-16,NA,211,M,130,42,26,5,36,NA,legally harvested from mineral springs (before BRF purchase)
1992,1992-11-16,11,430,M,108,30,19,5,33,NA,
1992,1992-11-16,12,73,M,80,19,16,3,29,NA,
1992,1992-11-16,13,467,M,96,17,15,4,33,NA,
1992,1992-11-16,14,241,M,92,19,23,6,33,NA,
1992,1992-11-16,15,481,M,107,18,6,2,36,NA,
1992,1992-11-16,16,86,M,162,54,31,5,38.5,NA,
1992,1992-11-16,17,506,M,86,17,17,2,31.5,NA,
1992,1992-11-16,18,144,M,106,17,17,4,33.5,NA,
1992,1992-11-16,19,432,M,150,42,23,8,39,NA,
1992,1992-11-17,20,167,M,132,42,25,6,36,NA,
1992,1992-11-17,21,19,F,65,66,NA,NA,32.5,NA,
1992,1992-11-17,22,43,F,92,30,NA,NA,30,22,
1992,1992-11-17,23,303,F,85,17,NA,NA,NA,NA,
1992,1992-11-17,24,117,F,110,19,NA,NA,36,10,
1992,1992-11-17,25,241,F,112,42,NA,NA,36,14,
1992,1992-11-17,26,241,M,80,19,18,6,34,NA,
1992,1992-11-17,27,203,F,80,102,NA,NA,33,17,age could be 114; fieldsheet age was 8.5-9.5
1992,1992-11-17,28,348,M,116,30,25,8,35,NA,
1992,1992-11-17,29,199,F,62,18,NA,NA,31.5,10,
1992,1992-11-17,30,122,F,72,30,NA,NA,31,NA,
1992,1992-11-17,31,166,F,58,120,NA,NA,29,12,age could be over 120; field sheet had 10+ 
1992,1992-11-17,32,340,F,36,5,NA,NA,27,NA,age could be 6 months; fieldsheet gave 5-6 months
1992,1992-11-17,33,431,M,96,17,17,4,33,NA,
1992,1992-11-18,34,263,F,78,90,NA,NA,32.5,15,
1992,1992-11-18,35,490,M,78,17,10,2,31,NA,
1992,1992-11-18,36,436,F,76,17,NA,NA,31,10,
1992,1992-11-18,37,343,F,71,54,NA,NA,28,NA,
1992,1992-11-19,38,432,F,115,66,NA,NA,37.5,15,
1992,1992-11-19,39,72,M,120,30,20,5,34,NA,
1992,1992-11-20,40,419,M,120,42,27,8,36.5,NA,
1992,1992-11-20,41,496,M,84,18,15,3,32,NA,
1992,1992-11-20,42,373,F,80,108,NA,NA,NA,NA,age could be 96 to114; fieldsheet age was 8.5-9.5
1992,1992-11-20,43,63,F,NA,66,NA,NA,NA,NA,
1992,1992-11-21,44,495,M,72,19,17,2,31.5,NA,
1992,1992-11-21,45,446,M,122,42,24,8,37,NA,
1992,1992-11-21,46,101,M,92,30,20,4,36,NA,
1992,1992-11-21,47,253,F,78,18,NA,NA,NA,NA,
1992,1992-11-21,48,370,M,48,6,NA,NA,24.5,NA,button buck
1992,1992-11-21,49,401,M,98,19,22,5,33.5,NA,
1992,1992-11-21,50,52,F,74,18,NA,NA,32.75,NA,
1992,1992-11-23,51,169,M,112,30,5,3,NA,NA,
1992,1992-11-27,52,517,F,74,54,NA,NA,27,10,
1992,1992-11-27,53,165,F,90,30,NA,NA,NA,15,
1992,1992-11-27,54,273,F,94,66,NA,NA,35,15,
1992,1992-11-28,55,282,M,94,19,18,4,34,NA,
1992,1992-11-28,56,73,F,70,30,NA,NA,31,15,
1992,1992-11-28,57,110,F,62,17,NA,NA,NA,NA,
1992,1992-11-29,58,499,M,70,17,15,3,32,NA,
1992,1992-12-01,59,217,F,100,42,NA,NA,NA,NA,
1992,1992-12-01,60,276,F,70,42,NA,NA,NA,NA,
1992,1992-12-05,61,457,F,100,30,NA,NA,NA,NA,
1992,1992-12-05,62,266,F,85,66,NA,NA,NA,NA,
1992,,63,500,F,70,90,NA,NA,NA,NA,harvest date between 1992-12-6 and 1992-12-8
1992,,64,463,F,NA,66,NA,NA,NA,NA,harvest date between 1992-12-6 and 1992-12-8
1992,,65,469,F,80,78,NA,NA,NA,NA,harvest date between 1992-12-6 and 1992-12-8
1992,,66,87,F,82,78,NA,NA,NA,NA,harvest date between 1992-12-6 and 1992-12-8
1993,1993-11-22,1,245,M,82,18,12,2,31,NA,
1993,1993-11-22,2,63,M,82,18,14,2,32,NA,
1993,1993-11-22,3,258,M,122,30,18,2,34,NA,
1993,1993-11-22,4,43,M,100,17,18,3,31,NA,
1993,1993-11-22,5,122,M,96,18,15,3,32,NA,
1993,1993-11-22,6,246,M,82,19,4,2,31.5,NA,
1993,1993-11-22,7,388,M,90,17,14,2,32,NA,
1993,1993-11-22,8,75,M,98,19,20,4,35.5,NA,
1993,1993-11-22,9,117,M,70,19,14,2,30,NA,sublegal
1993,1993-11-22,10,158,M,114,19,20,6,34,NA,
1993,1993-11-22,11,86,M,100,30,20,6,33,NA,
1993,1993-11-22,12,401,M,100,30,20,6,33,NA,
1993,1993-11-22,13,187,M,92,30,18,4,33,NA,
1993,1993-11-23,14,199,F,82,30,NA,NA,32,NA,
1993,1993-11-23,15,98,M,118,42,22,7,36,NA,
1993,1993-11-23,16,374,M,72,18,NA,NA,30.5,NA,sublegal
1993,1993-11-23,17,241,F,92,30,NA,NA,34,NA,
1993,1993-11-23,18,240,M,46,5,NA,NA,24.5,NA,button buck
1993,1993-11-23,19,89,M,102,30,16,3,33,NA,
1993,1993-11-23,20,434,M,74,17,12,2,29.5,NA,
1993,1993-11-23,21,8,M,84,18,13,2,30.5,NA,
1993,1993-11-23,22,110,F,48,6,NA,NA,27.5,NA,
1993,1993-11-23,23,500,M,88,18,14,2,32,NA,
1993,1993-11-23,24,38,M,90,18,13,2,32.5,NA,
1993,1993-11-24,25,308,M,134,42,25,8,35,NA,
1993,1993-11-26,26,241,F,106,54,NA,NA,34.5,NA,
1993,1993-11-26,27,127,F,114,30,NA,NA,NA,NA,
1993,1993-11-26,28,457,F,84,66,NA,NA,35,NA,
1993,1993-11-27,29,138,M,110,30,22,7,NA,NA,
1993,1993-11-27,30,512,M,80,19,12,2,32,NA,
1993,1993-11-27,31,166,F,80,78,NA,NA,32,NA,
1993,1993-11-27,32,166,F,84,42,NA,NA,34,NA,
1993,1993-12-01,33,262,F,76,18,NA,NA,31,NA,
1993,1993-12-03,34,463,F,NA,54,NA,NA,NA,NA,
1993,1993-12-03,35,314,F,74,18,NA,NA,31,NA,
1993,1993-12-03,36,52,F,90,30,NA,NA,NA,NA,
1994,1994-11-21,1,63,M,92,17,16,4,31.5,NA,
1994,1994-11-21,2,352,M,108,30,20,5,33,NA,
1994,1994-11-21,3,476,M,110,42,23,8,34,NA,
1994,1994-11-21,4,373,M,130,42,23,8,35,NA,
1994,1994-11-21,5,205,M,90,18,13,2,34,NA,
1994,1994-11-21,6,98,M,142,42,27,6,37,NA,
1994,1994-11-21,7,262,M,100,17,14,3,33,NA,
1994,1994-11-21,8,482,M,126,42,21,6,37,NA,
1994,1994-11-21,9,273,F,100,90,NA,NA,34,NA,
1994,1994-11-21,10,401,M,104,42,21,5,35,NA,
1994,1994-11-21,11,144,M,82,17,13,2,32,NA,
1994,1994-11-21,NA,101,M,136,30,20,4,36.5,NA,bow
1994,1994-11-21,NA,98,M,130,42,26,8,37,NA,bow
1994,1994-11-21,NA,349,M,126,42,21,4,37,NA,bow
1994,1994-11-22,12,167,F,98,54,NA,NA,34,NA,
1994,1994-11-22,13,329,F,54,6,NA,NA,28,NA,
1994,1994-11-22,14,110,F,100,42,NA,NA,34,NA,
1994,1994-11-22,15,86,F,56,6,NA,NA,28,NA,
1994,1994-11-22,16,266,M,62,5,NA,NA,30,NA,button buck
1994,1994-11-23,17,25,M,92,18,18,5,31.5,NA,
1994,1994-11-23,18,504,F,82,30,NA,NA,33.5,NA,
1994,1994-11-25,19,465,F,74,17,NA,NA,31,NA,
1994,1994-11-25,20,53,F,48,5,NA,NA,27,NA,age could be 6 months; fieldhseet gave 5-6 months
1994,1994-11-25,21,500,M,92,18,16,2,31,NA,
1994,1994-11-26,22,124,F,86,90,NA,NA,33.5,NA,
1994,1994-11-27,23,166,F,114,30,NA,NA,35,NA,
1994,1994-11-27,24,376,F,54,6,NA,NA,27,NA,
1994,1994-12-03,25,258,M,56,5,NA,NA,27,NA,button buck
1994,1994-12-04,26,497,M,76,6,NA,NA,31,NA,button buck
1994,1994-12-04,27,19,M,92,19,15,3,31.5,NA,
1994,1994-12-04,28,165,F,108,78,NA,NA,34.5,NA,
1994,1994-12-06,29,280,F,94,108,NA,NA,34.5,NA,age could be 96 to114; fieldsheet age was 8.5-9.5
1994,1994-12-09,30,63,F,94,66,NA,NA,34,NA,
1994,1994-12-13,31,510,F,82,30,NA,NA,33,NA,
1994,,NA,463,F,NA,6,NA,NA,NA,NA,found mineral springs (before BRF purchase)
1995,1995-11-20,1,370,M,80,18,19,4,31,NA,
1995,1995-11-20,2,39,M,122,42,28,8,36,NA,
1995,1995-11-20,3,144,M,152,42,28,9,37,NA,
1995,1995-11-20,4,469,M,90,18,15,2,34,NA,
1995,1995-11-20,5,175,F,85,18,NA,NA,33,NA,with young
1995,1995-11-20,6,253,M,90,18,14,2,33,NA,
1995,1995-11-20,7,117,M,90,18,16,6,32,NA,
1995,1995-11-20,8,480,M,124,30,22,8,36,NA,
1995,1995-11-21,9,432,F,98,42,NA,NA,35,NA,
1995,1995-11-21,10,86,M,100,19,17,2,33,NA,
1995,1995-11-21,11,510,F,100,54,NA,NA,33,NA,with young
1995,1995-11-21,12,263,M,92,18,14,2,33,NA,
1995,1995-11-20,13,463,M,84,17,18,3,33,NA,
1995,1995-11-22,14,227,F,78,30,NA,NA,32,NA,
1995,1995-11-22,15,15,F,74,17,NA,NA,30,NA,
1995,1995-11-23,16,443,F,76,54,NA,NA,33,NA,
1995,1995-11-23,17,329,F,88,78,NA,NA,33,NA,
1995,1995-11-24,18,362,F,90,54,NA,NA,32,NA,
1995,1995-11-24,19,463,F,NA,NA,NA,NA,NA,NA,
1995,1995-11-25,20,169,M,85,18,15,2,31,NA,
1995,1995-11-25,21,63,F,72,30,NA,NA,30,NA,
1995,,22,227,M,104,17,21,5,34,NA,
1995,,23,352,M,100,19,14,2,34,NA,
1995,,24,475,M,112,30,22,3,35,NA,
1995,,25,19,F,96,42,NA,NA,36,NA,
1996,1996-11-18,1,185,M,106,17,15,3,31,NA,
1996,1996-11-18,2,446,M,138,54,26,8,34,NA,
1996,1996-11-18,3,43,M,92,18,15,2,31,NA,
1996,1996-11-18,4,139,M,76,17,19,5,30,NA,
1996,1996-11-18,5,340,M,84,17,16,3,32,NA,
1996,1996-11-18,6,89,M,82,17,13,2,30,NA,
1996,1996-11-18,7,432,M,82,18,13,2,29,NA,
1996,1996-11-18,8,25,M,128,30,22,4,35,NA,
1996,1996-11-18,9,102,M,92,19,14,2,30,NA,
1996,1996-11-18,10,303,M,72,17,42,2,31,NA,
1996,1996-11-18,11,83,M,92,17,13,2,32,NA,
1996,1996-11-18,12,169,M,90,18,16,2,32,NA,
1996,1996-11-19,13,126,M,90,19,13,2,30,NA,
1996,1996-11-19,14,72,M,100,19,18,3,NA,NA,
1996,1996-11-19,15,70,M,94,17,18,2,32,NA,
1996,1996-11-21,16,16,M,102,18,19,4,32,NA,
1996,1996-11-21,17,219,M,138,42,26,10,35,NA,
1996,1996-11-22,18,349,M,76,19,14,3,27,NA,
1996,1996-11-23,19,63,M,92,18,14,3,31,NA,
1996,1996-11-24,20,258,M,80,17,14,3,31,NA,
1996,1996-11-24,21,305,M,82,18,11,2,32,NA,
1996,1996-11-24,22,511,M,84,17,15,2,NA,NA,
1996,,23,24,M,92,17,14,4,31,NA,
1996,,24,98,M,110,29,21,5,NA,NA,
1997,1997-11-17,1,376,M,92,19,17,3,32,NA,
1997,1997-11-17,2,247,M,88,17,15,3,31.5,NA,
1997,1997-11-17,3,370,M,94,19,15,3,31.5,NA,
1997,1997-11-17,4,432,M,86,18,18,2,31.5,NA,
1997,1997-11-17,5,245,M,82,18,NA,NA,31,NA,antlers broken
1997,1997-11-17,6,262,M,102,30,25,8,32,NA,
1997,1997-11-17,7,396,M,114,30,24,8,33,NA,
1997,1997-11-17,8,16,M,120,30,16,2,33.5,NA,
1997,1997-11-17,9,157,M,112,42,30,8,32,NA,
1997,1997-11-17,10,159,M,132,30,27,6,34,NA,
1997,1997-11-17,11,27,M,88,17,17,5,30,NA,
1997,1997-11-17,12,415,M,140,42,31,6,37.5,NA,
1997,1997-11-17,13,199,M,116,42,22,8,33,NA,live weight 148
1997,1997-11-17,14,124,M,86,18,16,4,32,NA,
1997,1997-11-18,15,380,M,90,17,19,4,32.5,NA,
1997,1997-11-18,16,241,M,94,30,19,6,30,NA,
1997,1997-11-18,17,175,F,86,30,NA,NA,35.4,NA,
1997,1997-11-18,18,510,M,110,30,22,6,34,NA,
1997,1997-11-18,19,465,M,96,17,17,4,32.5,NA,
1997,1997-11-18,20,144,F,106,30,NA,NA,34,NA,
1997,1997-11-18,21,216,F,108,66,NA,NA,35,NA,
1997,1997-11-18,22,8,M,76,18,11,2,30.5,NA,
1997,1997-11-18,23,102,M,114,30,17,2,NA,NA,
1997,1997-11-18,24,432,M,52,6,NA,NA,27,NA,button buck
1997,1997-11-18,25,16,F,96,30,NA,NA,NA,NA,
1997,1997-11-19,26,432,M,112,30,23,7,33.5,NA,
1997,1997-11-19,27,463,F,48,6,NA,NA,NA,NA,
1997,1997-11-20,28,287,M,86,17,15,2,NA,NA,
1997,1997-11-21,29,497,M,80,18,NA,2,NA,NA,
1997,1997-11-21,30,175,F,82,42,NA,NA,NA,NA,
1997,1997-11-21,31,465,F,98,NA,NA,NA,NA,NA,"age given as ""adult"""
1997,1997-11-23,32,340,F,82,19,NA,NA,NA,NA,
1997,1997-11-24,33,98,M,85,18,14,2,NA,NA,
1997,1997-11-25,34,294,F,104,90,NA,NA,NA,NA,
1997,1997-11-25,35,63,F,86,54,NA,NA,NA,NA,
1997,1997-11-25,36,442,M,100,30,25,8,NA,NA,
1997,1997-11-25,37,463,F,100,30,NA,NA,NA,NA,
1997,1997-11-29,38,307,M,122,30,23,7,NA,NA,
1997,1997-11-30,39,511,M,80,30,14,4,NA,NA,
1997,,40,500,M,56,6,NA,NA,NA,NA,
1997,,41,457,M,50,5,NA,NA,NA,NA,button buck
1997,,42,485,F,90,42,NA,NA,NA,NA,button buck
1997,,43,463,F,NA,NA,NA,NA,NA,NA,"age entered as ""adult"""
1997,,44,98,M,NA,18,NA,NA,NA,NA,"age entered as ""yearling"" used median yearling age of 18 months"
1997,,45,101,M,NA,18,NA,NA,NA,NA,"bow; age entered as ""yearling"" used median yearling age of 18 months"
1997,,46,432,M,NA,18,NA,NA,NA,NA,"bow; age entered as ""yearling"" used median yearling age of 18 months"
1998,1998-11-21,1,151,M,136,42,26,8,NA,NA,
1998,1998-11-21,2,205,M,82,17,12,2,32,NA,
1998,1998-11-21,3,436,M,146,54,30,8,39.5,NA,
1998,1998-11-21,4,294,M,132,42,26,6,35,NA,
1998,1998-11-21,5,352,M,68,19,14,3,31.5,NA,
1998,1998-11-21,6,157,M,98,30,17,4,30,NA,
1998,1998-11-21,7,389,M,98,18,17,6,31.5,NA,
1998,1998-11-21,8,257,M,94,17,14,2,32,NA,
1998,1998-11-21,9,261,M,80,17,16,5,32.5,NA,
1998,1998-11-21,10,262,M,132,30,28,5,38,NA,
1998,1998-11-21,11,491,M,104,17,21,4,35,NA,
1998,1998-11-21,12,73,M,100,17,20,4,31,NA,
1998,1998-11-21,13,271,M,82,17,14,2,31.5,NA,
1998,1998-11-21,14,216,M,126,30,26,7,33,NA,
1998,1998-11-21,15,85,M,122,30,24,8,NA,NA,
1998,1998-11-21,16,117,F,118,30,NA,NA,35.5,NA,
1998,1998-11-21,17,287,F,52,5,NA,NA,25,NA,
1998,1998-11-21,18,432,M,102,19,22,8,33,NA,
1998,1998-11-21,19,223,M,106,18,20,4,32.5,NA,
1998,1998-11-21,NA,432,M,106,19,20,6,NA,NA,bow
1998,1998-11-21,NA,424,M,86,18,13,2,NA,NA,bow
1998,1998-11-21,NA,463,M,90,19,14,2,NA,NA,bow
1998,1998-11-21,20,433,M,78,18,16,3,31,NA,
1998,1998-11-21,21,496,M,136,42,28,7,35,NA,
1998,1998-11-21,22,98,M,78,17,14,2,33,NA,
1998,1998-11-21,23,25,M,72,17,16,2,30.5,NA,
1998,1998-11-21,24,169,M,73,18,14,2,31.5,NA,
1998,1998-11-21,25,19,M,54,6,NA,NA,NA,NA,button buck
1998,1998-11-21,26,108,F,100,66,NA,NA,NA,NA,
1998,1998-11-21,27,16,F,86,78,NA,NA,NA,NA,
1998,1998-11-21,28,122,F,76,19,NA,NA,NA,NA,
1998,1998-11-21,29,24,M,102,30,20,5,32,NA,
1998,1998-11-21,30,238,M,110,30,23,8,36,NA,
1998,1998-11-21,31,418,M,118,30,26,7,36,NA,
1998,1998-11-21,32,416,F,80,19,NA,NA,NA,NA,
1998,1998-11-21,33,73,F,52,5,NA,NA,27,NA,age could be 6 months; fieldsheet had 5-6 months
1998,1998-11-22,34,85,F,48,6,NA,NA,27,NA,
1998,1998-11-22,35,101,M,110,30,21,6,NA,NA,
1998,1998-11-22,36,515,F,78,54,NA,NA,32,NA,
1998,1998-11-22,37,300,M,90,19,16,4,31,NA,
1998,1998-11-22,38,450,F,98,42,NA,NA,NA,NA,
1998,1998-11-22,39,305,F,74,30,NA,NA,NA,NA,
1998,1998-11-22,40,294,F,78,54,NA,NA,NA,NA,
1998,1998-11-22,41,161,M,135,42,33,8,NA,NA,
1998,1998-11-22,42,216,F,82,19,NA,NA,NA,NA,
1998,1998-11-22,43,330,F,86,42,NA,NA,NA,NA,
1998,1998-11-22,44,432,M,56,6,NA,NA,NA,NA,
1998,1998-11-28,45,215,F,92,30,NA,NA,NA,NA,
1998,1998-11-28,46,130,F,94,78,NA,NA,NA,NA,
1998,,47,349,M,88,18,15,4,NA,NA,harvested between 1998-11-29 and 1998-12-08
1998,,48,251,F,80,18,NA,NA,NA,NA,harvested between 1998-11-29 and 1998-12-09
1998,,49,357,F,84,66,NA,NA,NA,NA,harvested between 1998-11-29 and 1998-12-10
1998,,50,360,M,54,6,NA,NA,NA,NA,harvested between 1998-11-29 and 1998-12-11
1998,,51,63,F,90,42,NA,NA,NA,NA,harvested between 1998-11-29 and 1998-12-12
1998,,52,258,F,96,66,NA,NA,NA,NA,harvested between 1998-11-29 and 1998-12-13
1998,,55,20,F,84,30,NA,NA,NA,NA,harvested between 1998-11-29 and 1998-12-16
1998,,56,500,F,110,42,NA,NA,NA,NA,harvested between 1998-11-29 and 1998-12-17
1998,,57,360,M,84,18,16,2,NA,NA,harvested between 1998-11-29 and 1998-12-18
1999,1999-11-22,1,9,M,92,17,20,4,NA,NA,
1999,1999-11-22,2,130,M,124,30,24,6,NA,NA,
1999,1999-11-22,3,39,M,84,17,14,3,NA,NA,
1999,1999-11-22,4,271,F,62,18,NA,NA,NA,NA,
1999,1999-11-22,5,398,F,74,30,NA,NA,NA,NA,
1999,1999-11-22,6,8,F,102,30,NA,NA,NA,NA,
1999,1999-11-22,7,227,M,114,42,26,8,NA,NA,
1999,1999-11-22,8,73,M,104,17,17,4,NA,NA,
1999,1999-11-22,9,352,F,86,17,NA,NA,NA,NA,
1999,1999-11-22,10,432,M,100,17,17,4,NA,NA,
1999,1999-11-22,11,186,M,74,18,NA,2,NA,NA,"possibly sublegal; beam diameter was entered as n/a and points was enteres as ""spike"""
1999,1999-11-22,12,186,M,130,30,24,8,NA,NA,
1999,1999-11-22,13,362,M,100,18,15,4,NA,NA,
1999,1999-11-22,14,261,F,72,17,NA,NA,NA,NA,
1999,1999-11-22,15,171,M,78,18,15,4,NA,NA,
1999,1999-11-22,16,485,F,90,30,NA,NA,NA,NA,
1999,1999-11-22,17,241,M,90,30,18,3,NA,NA,
1999,1999-11-22,18,340,M,90,19,16,2,NA,NA,
1999,1999-11-23,19,495,M,102,30,25,8,NA,NA,
1999,1999-11-23,20,360,F,70,90,NA,NA,NA,NA,
1999,1999-11-23,21,100,M,110,30,23,6,NA,NA,
1999,1999-11-23,22,99,M,86,17,18,4,NA,NA,
1999,1999-11-23,23,169,M,138,42,28,8,NA,NA,
1999,1999-11-24,24,126,M,40,5,NA,NA,NA,NA,
1999,1999-11-24,25,216,F,72,30,NA,NA,NA,NA,
1999,1999-11-26,26,417,M,90,17,16,4,NA,NA,
1999,1999-11-27,27,262,F,60,42,NA,NA,NA,NA,
1999,1999-11-27,28,215,F,66,30,NA,NA,NA,NA,
1999,1999-11-27,29,108,F,72,54,NA,NA,NA,NA,
1999,1999-11-27,30,306,F,82,66,NA,NA,NA,NA,
1999,1999-11-28,31,16,M,122,42,25,6,NA,NA,
1999,1999-11-28,32,432,F,80,42,NA,NA,NA,NA,
1999,1999-11-28,33,432,F,92,78,NA,NA,NA,NA,
1999,1999-11-28,34,215,U,36,6,NA,NA,NA,NA,
1999,1999-11-28,35,294,F,62,102,NA,NA,NA,NA,age could be 114; fieldsheet gave age as 8.5-9.5 years
1999,1999-12-01,36,451,F,70,30,NA,NA,NA,NA,
1999,1999-12-04,37,376,M,58,6,NA,NA,NA,NA,
1999,1999-12-04,38,131,F,75,18,NA,NA,NA,NA,
1999,1999-12-04,39,85,M,56,6,NA,NA,NA,NA,
1999,1999-12-04,40,144,F,48,6,NA,NA,NA,NA,
1999,1999-12-04,41,500,F,70,30,NA,NA,NA,NA,
1999,1999-12-04,42,370,F,46,6,NA,NA,NA,NA,
1999,1999-12-04,43,20,F,70,42,NA,NA,NA,NA,
1999,1999-12-05,44,418,M,NA,30,21,5,NA,NA,
1999,1999-12-05,45,301,M,114,54,27,8,NA,NA,
1999,1999-12-05,46,457,M,36,6,NA,NA,NA,NA,
1999,1999-12-08,47,376,F,70,30,NA,NA,NA,NA,
1999,1999-12-09,48,63,F,65,126,NA,NA,NA,NA,"age could be more than 126; fieldsheet gave age as ""over 10.5"""
1999,1999-12-09,49,458,M,86,18,15,2,NA,NA,
2000,2000-11-20,1,85,M,136,42,27,8,NA,NA,
2000,2000-11-20,2,175,M,86,18,17,4,NA,NA,
2000,2000-11-20,3,432,M,86,17,18,5,NA,NA,
2000,2000-11-20,4,131,M,116,30,22,6,NA,NA,
2000,2000-11-20,5,117,M,78,18,10,2,NA,NA,
2000,2000-11-20,6,135,M,80,18,17,4,NA,NA,
2000,2000-11-20,7,216,M,114,30,20,4,NA,NA,
2000,2000-11-20,8,384,M,80,18,14,4,NA,NA,
2000,2000-11-20,9,314,M,80,17,8,2,NA,NA,sublegal
2000,2000-11-20,10,262,M,120,30,18,4,NA,NA,
2000,2000-11-20,11,73,M,110,30,21,6,NA,NA,
2000,2000-11-20,12,205,M,80,17,15,2,NA,NA,
2000,2000-11-20,13,392,M,89,17,14,2,NA,NA,
2000,2000-11-20,14,245,F,62,17,NA,NA,NA,NA,
2000,2000-11-20,15,457,M,38,6,NA,NA,NA,NA,button buck
2000,2000-11-20,16,24,M,132,30,24,8,NA,NA,
2000,2000-11-20,17,373,M,84,18,14,3,NA,NA,
2000,2000-11-20,18,287,M,46,6,NA,NA,NA,NA,button buck
2000,2000-11-21,19,263,M,100,18,21,4,NA,NA,
2000,2000-11-21,20,164,F,78,30,NA,NA,NA,NA,
2000,2000-11-21,21,465,F,82,30,NA,NA,NA,NA,
2000,2000-11-21,22,482,M,92,30,20,6,NA,NA,
2000,2000-11-22,23,485,M,108,42,20,4,NA,NA,
2000,2000-11-24,24,432,F,108,42,NA,NA,NA,NA,
2000,2000-11-24,25,318,M,52,6,NA,NA,NA,NA,button buck
2000,2000-11-24,26,215,M,36,6,NA,NA,NA,NA,button buck
2000,2000-11-24,27,374,F,90,42,NA,NA,NA,NA,
2000,2000-11-24,28,375,M,96,42,19,7,NA,NA,
2000,2000-11-25,29,150,M,102,30,20,6,NA,NA,
2000,2000-11-25,30,387,M,84,19,15,4,NA,NA,
2000,2000-11-25,31,258,M,94,30,23,6,NA,NA,
2000,2000-11-25,32,262,F,76,54,NA,NA,NA,NA,
2000,2000-11-25,33,305,F,88,54,NA,NA,NA,NA,
2000,2000-11-25,34,89,F,92,102,NA,NA,NA,NA,age could be 114; fieldsheet gave age as 8.5-9.5 years
2000,2000-11-28,35,318,M,80,18,16,4,NA,NA,
2000,2000-11-30,36,471,F,92,42,NA,NA,NA,NA,
2000,2000-12-01,37,215,M,94,30,21,5,NA,NA,
2000,2000-12-02,38,85,F,52,6,NA,NA,NA,NA,
2000,2000-12-02,39,21,F,46,6,NA,NA,NA,NA,
2000,2000-12-03,40,471,M,86,19,12,3,NA,NA,
2000,2000-12-03,41,362,M,46,5,NA,NA,NA,NA,button buck; age could be 6 months; fieldsheet gave 5-6 months
2000,2000-12-03,42,500,M,110,42,21,8,NA,NA,
2000,2000-12-03,43,85,F,89,18,NA,NA,NA,NA,
2000,2000-12-09,44,215,M,54,6,NA,NA,NA,NA,button buck
2000,2000-12-09,45,518,M,96,30,20,6,NA,NA,
2000,2000-12-10,46,16,F,84,102,NA,NA,NA,NA,age could be 114; fieldsheet gave age as 8.5-9.5 years
2000,2000-12-10,47,227,F,84,42,NA,NA,NA,NA,
2000,2000-12-11,48,318,F,40,6,NA,NA,NA,NA,
2000,2000-12-12,49,376,F,80,42,NA,NA,NA,NA,
2000,2000-12-12,50,469,F,96,78,NA,NA,NA,NA,
2001,2001-11-10,1,16,M,82,30,20,7,NA,NA,bow
2001,2001-11-19,2,85,M,112,42,27,8,NA,NA,
2001,2001-11-19,3,199,M,100,42,23,7,NA,NA,
2001,2001-11-19,4,508,M,92,42,23,7,NA,NA,
2001,2001-11-19,5,67,M,130,54,25,8,NA,NA,
2001,2001-11-19,6,205,F,96,66,NA,NA,NA,NA,
2001,2001-11-19,7,223,F,80,30,NA,NA,NA,NA,
2001,2001-11-19,8,223,M,38,5,NA,NA,NA,NA,button buck
2001,2001-11-19,9,9,F,88,30,NA,NA,NA,NA,
2001,2001-11-19,10,47,M,96,17,16,2,NA,NA,
2001,2001-11-19,11,330,M,94,42,21,8,NA,NA,
2001,2001-11-19,12,261,M,102,30,22,6,NA,NA,
2001,2001-11-19,13,258,M,80,30,16,4,NA,NA,
2001,2001-11-19,14,306,F,92,54,NA,NA,NA,NA,
2001,2001-11-19,15,161,M,58,6,NA,NA,NA,NA,
2001,2001-11-19,16,352,F,98,90,NA,NA,NA,NA,
2001,2001-11-19,17,63,M,88,17,16,4,NA,NA,
2001,2001-11-19,18,8,M,90,30,22,6,NA,NA,
2001,2001-11-19,19,241,M,88,18,NA,2,NA,NA,"sublegal?; code ""98"" was written in beam diameter and points was ""02"" believe it was an error in recording and it should have been ""99"" which is the NYS-DEC code for a sublegal buck"
2001,2001-11-19,20,171,M,56,5,NA,NA,NA,NA,button buck
2001,2001-11-20,21,186,M,98,18,15,2,NA,NA,
2001,2001-11-20,22,186,F,98,30,NA,NA,NA,NA,
2001,2001-11-20,23,164,M,76,17,NA,2,NA,NA,"sublegal?; code ""98"" was written in beam diameter and points was ""02"" believe it was an error in recording and it should have been ""99"" which is the NYS-DEC code for a sublegal buck"
2001,2001-11-20,24,216,M,94,30,19,6,NA,NA,
2001,2001-11-21,25,131,M,108,30,19,5,NA,NA,
2001,2001-11-21,26,465,F,78,17,NA,NA,NA,NA,
2001,2001-11-22,27,469,M,106,30,18,4,NA,NA,
2001,2001-11-22,28,200,M,82,30,12,2,NA,NA,
2001,2001-11-22,29,360,F,90,42,NA,NA,NA,NA,
2001,2001-11-22,30,359,F,74,42,NA,NA,NA,NA,
2001,2001-11-22,31,42,F,82,30,NA,NA,NA,NA,
2001,2001-11-22,32,485,M,94,17,13,2,NA,NA,
2001,2001-11-23,33,287,M,94,18,20,2,NA,NA,
2001,2001-11-23,34,216,F,80,30,NA,NA,NA,NA,
2001,2001-11-24,35,500,F,44,5,NA,NA,NA,NA,
2001,2001-11-25,36,232,M,100,42,23,6,NA,NA,
2001,2001-11-25,37,233,M,38,6,NA,NA,NA,NA,button buck
2001,2001-11-26,38,146,F,104,90,NA,NA,NA,NA,
2001,2001-11-29,39,318,F,70,30,NA,NA,NA,NA,
2001,2001-12-01,40,495,F,98,42,NA,NA,NA,NA,
2001,2001-12-02,41,433,F,105,54,NA,NA,NA,NA,
2001,2001-12-08,42,243,F,80,30,NA,NA,NA,NA,
2001,2001-12-08,43,235,F,NA,NA,NA,NA,NA,NA,
2001,2001-12-08,44,294,M,136,42,22,5,NA,NA,
2001,2001-12-09,45,471,F,88,42,NA,NA,NA,NA,
2001,2001-12-10,46,313,M,90,30,23,6,NA,NA,
2001,2001-12-10,47,362,F,38,5,NA,NA,NA,NA,
2001,2001-12-11,48,468,M,106,30,21,7,NA,NA,
2001,2001-12-11,49,318,F,80,42,NA,NA,NA,NA,
2002,2002-11-18,NA,205,M,52,6,NA,NA,NA,NA,button buck
2002,2002-11-18,NA,446,M,78,17,15,4,NA,NA,
2002,2002-11-18,NA,219,M,76,18,18,5,NA,NA,
2002,2002-11-18,NA,41,M,108,42,24,4,NA,NA,
2002,2002-11-18,NA,381,F,56,6,NA,NA,NA,NA,
2002,2002-11-18,NA,340,M,80,17,15,2,NA,NA,
2002,2002-11-18,NA,512,M,126,54,30,8,NA,NA,
2002,2002-11-18,NA,200,M,68,18,19,4,NA,NA,
2002,2002-11-18,NA,186,M,108,54,25,6,NA,NA,
2002,2002-11-18,NA,240,M,114,30,22,5,NA,NA,
2002,2002-11-18,NA,362,M,96,17,17,2,NA,NA,
2002,2002-11-18,NA,71,F,88,42,NA,NA,NA,NA,
2002,2002-11-18,NA,73,F,94,30,NA,NA,NA,NA,
2002,2002-11-18,NA,259,F,90,30,NA,NA,NA,NA,
2002,2002-11-18,NA,263,M,126,42,25,7,NA,NA,
2002,2002-11-18,NA,16,M,124,42,30,5,NA,NA,
2002,2002-11-18,NA,130,M,114,42,27,8,NA,NA,
2002,2002-11-18,NA,109,F,52,6,NA,NA,NA,NA,
2002,2002-11-18,NA,392,F,96,42,NA,NA,NA,NA,
2002,2002-11-18,NA,116,M,92,19,19,2,NA,NA,
2002,2002-11-18,NA,376,M,110,42,30,8,NA,NA,
2002,2002-11-18,NA,473,F,90,30,NA,NA,NA,NA,
2002,2002-11-18,NA,216,M,106,30,20,6,NA,NA,
2002,2002-11-18,NA,357,F,90,19,NA,NA,NA,NA,
2002,2002-11-19,NA,174,F,74,17,NA,NA,NA,NA,
2002,2002-11-19,NA,25,M,118,42,26,10,NA,NA,
2002,2002-11-19,NA,436,M,96,17,20,3,NA,NA,
2002,2002-11-19,NA,98,M,92,19,15,2,NA,NA,
2002,2002-11-19,NA,483,F,84,54,NA,NA,NA,NA,
2002,2002-11-20,NA,480,F,100,42,NA,NA,NA,NA,
2002,2002-11-20,NA,497,M,104,17,18,4,NA,NA,
2002,2002-11-20,NA,230,F,83,54,NA,NA,NA,NA,
2002,2002-11-23,NA,241,M,62,6,NA,NA,NA,NA,button buck
2002,2002-11-23,NA,480,F,84,19,NA,NA,NA,NA,
2002,2002-11-23,NA,475,M,100,17,16,2,NA,NA,
2002,2002-11-23,NA,144,M,78,18,NA,NA,NA,NA,sublegal; antlers less than 3 inches long
2002,2002-11-23,NA,130,F,78,30,NA,NA,NA,NA,
2002,2002-11-23,NA,32,M,90,30,23,6,NA,NA,
2002,2002-11-24,NA,457,F,96,30,NA,NA,NA,NA,
2002,2002-11-29,NA,470,M,80,19,21,5,NA,NA,
2002,2002-11-29,NA,228,M,52,6,NA,NA,NA,NA,button buck
2002,2002-11-30,NA,448,F,80,42,NA,NA,NA,NA,
2002,2002-11-30,NA,389,F,102,42,NA,NA,NA,NA,
2002,2002-12-01,NA,473,F,70,30,NA,NA,NA,NA,
2002,2002-12-01,NA,126,M,42,6,NA,NA,NA,NA,button buck
2002,2002-12-03,NA,162,F,76,30,NA,NA,NA,NA,
2002,2002-12-04,NA,432,M,NA,42,21,7,NA,NA,
2002,2002-12-07,NA,500,M,64,6,NA,NA,NA,NA,button buck
2002,2002-12-07,NA,42,F,102,42,NA,NA,NA,NA,
2002,2002-12-10,NA,319,M,98,19,20,2,NA,NA,
2002,2002-12-10,NA,216,F,84,17,NA,NA,NA,NA,
2003,2003-11-17,NA,79,M,92,19,16,4,NA,NA,
2003,2003-11-17,NA,271,M,110,30,22,7,NA,NA,
2003,2003-11-17,NA,357,M,86,19,19,6,NA,NA,
2003,2003-11-17,NA,200,M,100,18,17,5,NA,NA,
2003,2003-11-17,NA,12,M,90,30,25,7,NA,NA,
2003,2003-11-17,NA,479,M,118,19,23,6,NA,NA,
2003,2003-11-17,NA,205,M,76,19,14,2,NA,NA,
2003,2003-11-17,NA,130,M,138,54,30,4,NA,NA,
2003,2003-11-17,NA,227,M,94,17,18,6,NA,NA,
2003,2003-11-18,NA,179,F,100,30,NA,NA,NA,NA,
2003,2003-11-18,NA,245,M,86,19,15,2,NA,NA,
2003,2003-11-18,NA,50,M,98,30,22,7,NA,NA,
2003,2003-11-18,NA,508,F,44,5,NA,NA,NA,NA,
2003,2003-11-18,NA,483,M,120,42,23,8,NA,NA,
2003,2003-11-18,NA,101,M,128,42,28,8,NA,NA,
2003,2003-11-19,NA,181,M,130,42,23,5,NA,NA,
2003,2003-11-19,NA,180,M,50,6,NA,NA,NA,NA,
2003,2003-11-20,NA,63,M,72,19,17,5,NA,NA,
2003,2003-11-20,NA,496,M,96,17,18,6,NA,NA,
2003,2003-11-20,NA,140,M,110,19,20,6,NA,NA,
2003,2003-11-20,NA,9,M,82,19,14,2,NA,NA,
2003,2003-11-20,NA,373,F,86,42,NA,NA,NA,NA,
2003,2003-11-21,NA,228,M,98,18,NA,NA,NA,NA,antlers shed
2003,2003-11-21,NA,116,F,78,19,NA,NA,NA,NA,
2003,2003-11-21,NA,169,M,140,42,33,7,NA,NA,
2003,2003-11-22,NA,179,M,94,19,15,2,NA,NA,
2003,2003-11-22,NA,173,M,70,18,13,3,NA,NA,
2003,2003-11-22,NA,340,M,120,54,29,6,NA,NA,
2003,2003-11-23,NA,24,M,116,30,22,4,NA,NA,
2003,2003-11-23,NA,63,M,50,5,NA,NA,NA,NA,
2003,2003-11-25,NA,360,F,84,30,NA,NA,NA,NA,
2003,2003-11-25,NA,27,M,76,17,15,2,NA,NA,
2003,2003-11-25,NA,470,F,60,19,NA,NA,NA,NA,
2003,2003-11-27,NA,216,M,128,42,26,8,NA,NA,
2003,2003-11-27,NA,216,F,82,102,NA,NA,NA,NA,age could be 114 months (9.5 years); data sheet gave range of 8.5-9.5
2003,2003-11-29,NA,465,F,68,17,NA,NA,NA,NA,
2003,2003-11-29,NA,210,M,66,5,NA,NA,NA,NA,button buck
2003,2003-12-01,NA,180,F,88,30,NA,NA,NA,NA,
2003,2003-12-02,NA,319,F,76,30,NA,NA,NA,NA,
2003,2003-12-03,NA,215,M,112,54,32,7,NA,NA,
2004,2004-11-22,NA,79,M,78,18,17,4,NA,NA,
2004,2004-11-22,NA,319,M,94,30,19,4,NA,NA,
2004,2004-11-22,NA,271,M,92,30,18,6,NA,NA,
2004,2004-11-22,NA,63,M,76,17,NA,NA,NA,NA,sublegal; antlers less than 3 inches long
2004,2004-11-22,NA,227,M,108,30,23,7,NA,NA,
2004,2004-11-22,NA,398,F,86,42,NA,NA,NA,NA,
2004,2004-11-22,NA,258,F,88,78,NA,NA,NA,NA,
2004,2004-11-22,NA,257,M,60,6,NA,NA,NA,NA,button buck
2004,2004-11-22,NA,109,M,110,30,17,4,NA,NA,
2004,2004-11-22,NA,340,F,84,90,NA,NA,NA,NA,
2004,2004-11-22,NA,216,M,112,30,23,7,NA,NA,
2004,2004-11-22,NA,370,M,74,17,NA,NA,NA,NA,sublegal; antlers less than 3 inches long
2004,2004-11-22,NA,130,M,66,17,12,2,NA,NA,
2004,2004-11-23,NA,270,F,78,66,NA,NA,NA,NA,
2004,2004-11-23,NA,293,M,96,30,21,6,NA,NA,
2004,2004-11-23,NA,332,M,102,30,23,6,NA,NA,
2004,2004-11-23,NA,356,M,136,30,25,4,NA,NA,
2004,2004-11-26,NA,470,M,84,17,NA,NA,NA,NA,sublegal; antlers less than 3 inches long
2004,2004-11-26,NA,275,F,42,5,NA,NA,NA,NA,
2004,2004-11-26,NA,89,M,88,19,18,5,NA,NA,
2004,2004-11-26,NA,467,M,78,18,13,2,NA,NA,
2004,2004-11-26,NA,331,M,78,19,12,2,NA,NA,
2004,2004-11-27,NA,360,F,82,54,NA,NA,NA,NA,
2004,2004-11-27,NA,358,F,36,6,NA,NA,NA,NA,
2004,2004-11-27,NA,162,F,88,30,NA,NA,NA,NA,
2004,2004-11-27,NA,286,F,76,42,NA,NA,NA,NA,
2004,2004-11-27,NA,464,F,74,19,NA,NA,NA,NA,
2004,2004-11-28,NA,101,F,78,66,NA,NA,NA,NA,
2004,2004-11-29,NA,263,F,74,30,NA,NA,NA,NA,
2004,2004-11-29,NA,126,M,38,5,NA,NA,NA,NA,button buck
2004,2004-12-04,NA,293,F,82,30,NA,NA,NA,NA,
2004,2004-12-04,NA,240,F,94,54,NA,NA,NA,NA,
2004,2004-12-05,NA,107,F,70,30,NA,NA,NA,NA,
2004,2004-12-06,NA,228,M,96,19,17,2,NA,NA,
2004,2004-12-06,NA,216,F,80,54,NA,NA,NA,NA,
2004,2004-12-12,NA,469,M,104,30,19,2,NA,NA,
2004,2004-12-13,NA,518,,76,17,NA,2,NA,NA,sublegal; antlers less than 3 inches long
2004,2004-12-13,NA,227,,74,17,NA,2,NA,NA,sublegal; antlers less than 3 inches long
2004,2004-12-13,NA,480,M,62,6,NA,NA,NA,NA,button buck
2004,2004-12-13,NA,480,F,60,18,NA,NA,NA,NA,
2005,2005-10-16,NA,320,M,120,30,26,8,NA,NA,bow
2005,2005-11-19,NA,43,M,48,6,NA,NA,NA,NA,button buck
2005,2005-11-19,NA,398,M,122,42,25,6,NA,NA,
2005,2005-11-19,NA,352,F,102,54,NA,NA,NA,NA,
2005,2005-11-19,NA,169,M,96,30,20,8,NA,NA,
2005,2005-11-19,NA,465,M,126,30,18,2,NA,NA,
2005,2005-11-19,NA,89,M,106,30,18,2,NA,NA,
2005,2005-11-19,NA,27,M,78,17,15,4,NA,NA,
2005,2005-11-19,NA,331,F,102,78,NA,NA,NA,NA,
2005,2005-11-19,NA,330,M,133,42,26,8,NA,NA,
2005,2005-11-19,NA,258,M,104,42,24,10,NA,NA,
2005,2005-11-19,NA,262,M,61,17,13,2,NA,NA,
2005,2005-11-19,NA,261,F,40,5,NA,NA,NA,NA,
2005,2005-11-19,NA,340,F,100,42,NA,NA,NA,NA,
2005,2005-11-19,NA,364,F,48,6,NA,NA,NA,NA,
2005,2005-11-20,NA,219,M,116,30,21,7,NA,NA,
2005,2005-11-20,NA,377,F,56,6,NA,NA,NA,NA,
2005,2005-11-21,NA,370,M,84,30,15,2,NA,NA,
2005,2005-11-21,NA,229,M,82,17,11,2,NA,NA,
2005,2005-11-24,NA,215,F,88,66,NA,NA,NA,NA,
2005,2005-11-24,NA,492,F,28,5,NA,NA,NA,NA,
2005,2005-11-24,NA,319,M,100,42,26,6,NA,NA,
2005,2005-11-26,NA,85,F,36,6,NA,NA,NA,NA,
2005,2005-11-26,NA,111,M,48,6,NA,NA,NA,NA,button buck
2005,2005-11-26,NA,249,M,78,18,12,2,NA,NA,
2005,2005-11-27,NA,205,F,90,78,NA,NA,NA,NA,
2005,2005-11-27,NA,250,F,78,90,NA,NA,NA,NA,
2005,2005-11-27,NA,474,F,88,30,NA,NA,NA,NA,
2005,2005-12-02,NA,361,M,42,6,NA,NA,NA,NA,button buck
2005,2005-12-03,NA,227,M,108,30,21,4,NA,NA,
2005,2005-12-10,NA,470,F,80,42,NA,NA,NA,NA,
2005,2005-12-18,NA,215,F,72,30,NA,NA,NA,NA,
2005,,NA,464,M,NA,18,16,4,NA,NA,"""UNCLAIMED"""
2006,2006-11-18,NA,320,M,118,30,25,5,NA,NA,
2006,2006-11-18,NA,363,M,78,17,15,4,NA,NA,
2006,2006-11-18,NA,216,M,108,42,20,4,NA,NA,
2006,2006-11-18,NA,145,M,118,42,23,6,NA,NA,
2006,2006-11-18,NA,228,M,92,18,19,6,NA,NA,
2006,2006-11-18,NA,496,M,82,17,13,2,NA,NA,
2006,2006-11-18,NA,362,M,98,18,13,2,NA,NA,
2006,2006-11-18,NA,297,M,110,30,23,5,NA,NA,
2006,2006-11-18,NA,135,M,96,18,20,5,NA,NA,
2006,2006-11-18,NA,322,M,100,30,20,5,NA,NA,
2006,2006-11-18,NA,469,M,124,42,27,8,NA,NA,
2006,2006-11-18,NA,393,M,124,42,28,8,NA,NA,
2006,2006-11-18,NA,116,F,60,6,NA,NA,NA,NA,
2006,2006-11-18,NA,160,M,80,18,14,3,NA,NA,
2006,2006-11-18,NA,259,F,98,90,NA,NA,NA,NA,
2006,2006-11-18,NA,261,M,86,18,16,2,NA,NA,
2006,2006-11-18,NA,262,F,98,66,NA,NA,NA,NA,
2006,2006-11-18,NA,486,M,88,17,NA,2,NA,NA,sublegal; antlers less than 3 inches long
2006,2006-11-18,NA,487,M,86,19,15,2,NA,NA,
2006,2006-11-18,NA,479,M,94,19,15,2,NA,NA,
2006,2006-11-18,NA,480,F,80,30,NA,NA,NA,NA,
2006,2006-11-19,NA,162,F,48,5,NA,NA,NA,NA,
2006,2006-11-19,NA,241,M,68,6,NA,NA,NA,NA,button buck
2006,2006-11-19,NA,465,F,106,30,NA,NA,NA,NA,
2006,2006-11-19,NA,319,M,90,17,17,4,NA,NA,
2006,2006-11-20,NA,474,M,88,19,15,5,NA,NA,
2006,2006-11-20,NA,227,M,105,30,18,2,NA,NA,
2006,2006-11-20,NA,66,M,118,42,26,7,NA,NA,
2006,2006-11-21,NA,320,M,120,30,30,6,NA,NA,
2006,2006-11-21,NA,263,M,82,19,14,2,NA,NA,
2006,2006-11-22,NA,389,M,114,30,26,8,NA,NA,
2006,2006-11-22,NA,432,M,112,19,18,5,NA,NA,
2006,2006-11-24,NA,470,M,62,6,NA,NA,NA,NA,button buck
2006,2006-11-24,NA,42,F,94,66,NA,NA,NA,NA,
2006,2006-11-25,NA,231,F,80,17,NA,NA,NA,NA,
2006,2006-11-26,NA,130,M,80,18,10,2,NA,NA,
2006,2006-11-27,NA,262,M,62,6,NA,NA,NA,NA,button buck
2006,2006-12-01,NA,319,F,78,19,NA,NA,NA,NA,
2006,2006-12-01,NA,319,F,76,19,NA,NA,NA,NA,
2006,2006-12-03,NA,474,F,90,30,NA,NA,NA,NA,
2006,2006-12-03,NA,40,M,52,6,NA,NA,NA,NA,button buck
2006,2006-12-03,NA,258,F,95,30,NA,NA,NA,NA,
2006,2006-12-08,NA,61,F,98,NA,NA,NA,NA,NA,
2006,2006-12-08,NA,235,F,90,42,NA,NA,NA,NA,
2006,2006-12-09,NA,215,M,107,30,23,8,NA,NA,
2006,2006-12-09,NA,518,F,102,30,NA,NA,NA,NA,
2006,2006-12-09,NA,216,M,58,6,NA,NA,NA,NA,
2006,2006-12-15,NA,464,F,100,30,NA,NA,NA,NA,
2006,2006-12-15,NA,464,F,70,19,NA,NA,NA,NA,
2007,2007-11-17,NA,295,M,104,30,20,4,NA,NA,
2007,2007-11-17,NA,66,M,86,17,18,5,NA,NA,
2007,2007-11-17,NA,470,M,130,42,26,8,NA,NA,
2007,2007-11-17,NA,497,M,88,17,21,4,NA,NA,
2007,2007-11-17,NA,42,M,130,42,26,5,NA,NA,
2007,2007-11-17,NA,394,F,44,4,NA,NA,NA,NA,
2007,2007-11-17,NA,259,F,74,18,NA,NA,NA,NA,
2007,2007-11-17,NA,261,F,53,6,NA,NA,NA,NA,
2007,2007-11-17,NA,262,F,68,30,NA,NA,NA,NA,
2007,2007-11-17,NA,162,F,94,30,NA,NA,NA,NA,
2007,2007-11-17,NA,135,M,90,18,16,3,NA,NA,
2007,2007-11-17,NA,373,M,102,30,26,6,NA,NA,
2007,2007-11-17,NA,484,M,90,18,16,2,NA,NA,
2007,2007-11-17,NA,479,M,102,19,19,5,NA,NA,
2007,2007-11-17,NA,518,F,84,30,NA,NA,NA,NA,
2007,2007-11-18,NA,136,M,118,30,21,4,NA,NA,
2007,2007-11-18,NA,352,M,86,30,21,6,NA,NA,
2007,2007-11-18,NA,215,M,82,17,NA,2,NA,NA,sublegal; antlers less than 3 inches long
2007,2007-11-18,NA,469,M,138,42,34,9,NA,NA,
2007,2007-11-18,NA,495,M,128,54,28,8,NA,NA,
2007,2007-11-18,NA,376,M,108,30,22,6,NA,NA,
2007,2007-11-18,NA,371,F,96,102,NA,NA,NA,NA,age could be 114 months (9.5 years); data sheet gave range of 8.5-9.5
2007,2007-11-18,NA,480,M,56,6,NA,NA,NA,NA,button buck
2007,2007-11-18,NA,227,M,98,30,23,3,NA,NA,
2007,2007-11-19,NA,26,M,102,30,18,4,NA,NA,
2007,2007-11-19,NA,360,F,92,30,NA,NA,NA,NA,
2007,2007-11-20,NA,12,M,110,20,16,2,NA,NA,
2007,2007-11-21,NA,169,M,96,18,19,6,NA,NA,
2007,2007-11-21,NA,200,M,82,19,14,4,NA,NA,
2007,2007-11-21,NA,518,M,92,20,17,6,NA,NA,
2007,2007-11-24,NA,130,M,138,54,27,7,NA,NA,
2007,2007-11-24,NA,9,M,96,19,16,2,NA,NA,
2007,2007-11-24,NA,227,F,78,17,NA,NA,NA,NA,
2007,2007-11-24,NA,464,M,NA,30,21,7,NA,NA,
2007,2007-11-25,NA,464,F,NA,30,NA,NA,NA,NA,
2007,2007-11-25,NA,258,M,100,30,21,4,NA,NA,
2007,2007-11-25,NA,216,F,82,30,NA,NA,NA,NA,
2007,2007-11-27,NA,263,F,113,30,NA,NA,NA,NA,
2007,2007-12-02,NA,500,M,112,30,27,8,NA,NA,
2007,2007-12-02,NA,244,M,92,17,14,3,NA,NA,
2007,2007-12-05,NA,258,F,86,54,NA,NA,NA,NA,
2007,2007-12-08,NA,470,F,78,42,NA,NA,NA,NA,
2007,2007-12-08,NA,335,M,108,30,26,8,NA,NA,
2007,2007-12-08,NA,394,F,54,6,NA,NA,NA,NA,
2007,2007-12-08,NA,295,F,102,30,NA,NA,NA,NA,
2007,2007-12-08,NA,136,F,104,42,NA,NA,NA,NA,
2007,2007-12-08,NA,319,M,140,42,NA,NA,NA,NA,antelers shed
2007,2007-12-08,NA,319,F,58,6,NA,NA,NA,NA,
2007,2007-12-08,NA,214,F,48,6,NA,NA,NA,NA,
2007,2007-12-09,NA,319,M,82,19,14,2,NA,NA,
2007,2007-12-09,NA,295,F,108,42,NA,NA,NA,NA,
2007,2007-12-09,NA,162,M,46,6,NA,NA,NA,NA,button buck
2007,2007-12-09,NA,216,F,96,90,NA,NA,NA,NA,
2007,2007-12-09,NA,214,F,92,42,NA,NA,NA,NA,
2007,2007-12-09,NA,215,F,78,102,NA,NA,NA,NA,age could be 114 months (9.5 years); data sheet gave range of 8.5-9.5
2008,2008-11-15,NA,74,F,52,6,NA,NA,NA,NA,
2008,2008-11-15,NA,216,M,102,17,16,4,NA,NA,
2008,2008-11-15,NA,331,F,94,54,NA,NA,NA,NA,
2008,2008-11-15,NA,340,F,84,30,NA,NA,NA,NA,
2008,2008-11-15,NA,518,F,88,30,NA,NA,NA,NA,
2008,2008-11-15,NA,226,M,122,42,25,8,NA,NA,
2008,2008-11-16,NA,111,F,102,42,NA,NA,NA,NA,
2008,2008-11-16,NA,446,M,116,17,18,4,NA,NA,
2008,2008-11-16,NA,140,M,100,17,16,4,NA,NA,
2008,2008-11-16,NA,371,M,100,18,14,2,NA,NA,
2008,2008-11-16,NA,69,M,86,18,13,2,NA,NA,
2008,2008-11-16,NA,49,F,44,6,NA,NA,NA,NA,
2008,2008-11-16,NA,171,M,116,30,16,4,NA,NA,
2008,2008-11-16,NA,200,M,80,17,13,2,NA,NA,
2008,2008-11-16,NA,278,M,164,42,26,7,NA,NA,
2008,2008-11-16,NA,364,F,66,17,NA,NA,NA,NA,
2008,2008-11-16,NA,32,M,122,42,27,8,NA,NA,
2008,2008-11-16,NA,164,F,46,6,NA,NA,NA,NA,
2008,2008-11-16,NA,492,M,90,18,15,3,NA,NA,
2008,2008-11-16,NA,319,M,102,30,22,4,NA,NA,
2008,2008-11-16,NA,386,F,88,30,NA,NA,NA,NA,
2008,2008-11-16,NA,340,M,84,17,12,2,NA,NA,
2008,2008-11-17,NA,242,M,106,19,15,4,NA,NA,
2008,2008-11-18,NA,357,F,78,30,NA,NA,NA,NA,
2008,2008-11-18,NA,467,M,132,42,24,8,NA,NA,
2008,2008-11-18,NA,483,F,90,42,NA,NA,NA,NA,
2008,2008-11-19,NA,49,F,36,5,NA,NA,NA,NA,
2008,2008-11-20,NA,24,M,78,18,20,2,NA,NA,
2008,2008-11-20,NA,371,M,124,30,23,7,NA,NA,
2008,2008-11-21,NA,200,F,76,42,NA,NA,NA,NA,
2008,2008-11-22,NA,397,M,104,30,20,4,NA,NA,
2008,2008-11-22,NA,405,F,84,18,NA,NA,NA,NA,
2008,2008-11-22,NA,240,M,92,18,14,2,NA,NA,
2008,2008-11-22,NA,319,F,78,42,NA,NA,NA,NA,
2008,2008-11-22,NA,304,F,80,17,NA,NA,NA,NA,
2008,2008-11-22,NA,239,F,52,6,NA,NA,NA,NA,
2008,2008-11-22,NA,215,M,40,6,NA,NA,NA,NA,button buck
2008,2008-11-22,NA,518,F,82,30,NA,NA,NA,NA,
2008,2008-11-22,NA,483,F,88,66,NA,NA,NA,NA,
2008,2008-11-23,NA,148,M,106,30,23,3,NA,NA,
2008,2008-11-23,NA,334,M,128,42,29,8,NA,NA,
2008,2008-11-23,NA,227,M,78,17,14,2,NA,NA,
2008,2008-11-23,NA,258,F,84,66,NA,NA,NA,NA,
2008,2008-11-23,NA,297,F,46,6,NA,NA,NA,NA,
2008,2008-11-23,NA,216,M,82,19,NA,2,NA,NA,sublegal; antlers less than 3 inches long
2008,2008-11-23,NA,219,M,92,19,11,2,NA,NA,
2008,2008-11-24,NA,464,F,NA,19,NA,NA,NA,NA,
2008,2008-11-27,NA,198,F,68,42,NA,NA,NA,NA,
2008,2008-11-28,NA,405,M,140,54,30,6,NA,NA,
2008,2008-11-28,NA,319,F,88,42,NA,NA,NA,NA,
2008,2008-11-28,NA,472,M,90,30,18,4,NA,NA,
2008,2008-11-28,NA,63,F,40,6,NA,NA,NA,NA,
2008,2008-11-29,NA,216,F,70,17,NA,NA,NA,NA,
2008,2008-11-30,NA,107,M,86,19,15,2,NA,NA,
2008,2008-11-30,NA,45,F,48,6,NA,NA,NA,NA,
2008,2008-12-01,NA,263,M,56,5,NA,NA,NA,NA,button buck; could be 6 months; datasheet had 5-6 months
2008,2008-12-06,NA,377,F,54,6,NA,NA,NA,NA,
2008,2008-12-06,NA,363,M,46,6,NA,NA,NA,NA,button buck
2008,2008-12-06,NA,325,F,76,30,NA,NA,NA,NA,
2008,2008-12-06,NA,385,F,82,66,NA,NA,NA,NA,
2008,2008-12-06,NA,483,M,90,19,NA,NA,NA,NA,antlers shed
2008,2008-12-06,NA,331,F,78,90,NA,NA,NA,NA,
2008,2008-12-06,NA,129,F,104,30,NA,NA,NA,NA,
2008,2008-12-07,NA,472,F,92,17,NA,NA,NA,NA,
2008,2008-12-07,NA,472,M,56,6,NA,NA,NA,NA,button buck
2008,2008-12-07,NA,214,F,91,30,NA,NA,NA,NA,
2008,2008-12-07,NA,214,M,80,18,NA,NA,NA,NA,antlers shed
2008,2008-12-07,NA,227,F,65,18,NA,NA,NA,NA,
2008,2008-12-07,NA,319,F,42,6,NA,NA,NA,NA,
2008,2008-12-07,NA,319,F,74,54,NA,NA,NA,NA,
2009,2009-11-21,NA,279,M,118,30,23,6,NA,NA,
2009,2009-11-21,NA,43,,92,42,NA,NA,NA,NA,
2009,2009-11-21,NA,54,M,110,42,23,6,NA,NA,
2009,2009-11-21,NA,425,M,110,30,16,3,NA,NA,
2009,2009-11-21,NA,206,F,86,30,NA,NA,NA,NA,
2009,2009-11-21,NA,261,F,89,30,NA,NA,NA,NA,
2009,2009-11-21,NA,261,M,90,17,12,2,NA,NA,
2009,2009-11-21,NA,483,F,100,42,NA,NA,NA,NA,
2009,2009-11-21,NA,32,M,118,30,27,6,NA,NA,
2009,2009-11-21,NA,55,M,128,30,23,6,NA,NA,
2009,2009-11-22,NA,377,M,38,5,NA,NA,NA,NA,button buck
2009,2009-11-22,NA,171,F,102,54,NA,NA,NA,NA,
2009,2009-11-22,NA,171,M,130,42,27,7,NA,NA,
2009,2009-11-24,NA,518,F,66,18,NA,NA,NA,NA,
2009,2009-11-26,NA,227,F,48,6,NA,NA,NA,NA,
2009,2009-11-26,NA,319,F,66,18,NA,NA,NA,NA,
2009,2009-11-27,NA,297,F,58,5,NA,NA,NA,NA,age could be 6 months; fieldsheet had 5-6 months
2009,2009-11-27,NA,299,F,78,18,NA,NA,NA,NA,
2009,2009-11-27,NA,340,F,90,30,NA,NA,NA,NA,
2009,2009-11-28,NA,483,F,90,30,NA,NA,NA,NA,
2009,2009-11-28,NA,483,M,90,19,14,2,NA,NA,
2009,2009-11-28,NA,373,M,88,19,16,5,NA,NA,
2009,2009-11-28,NA,332,F,70,17,NA,NA,NA,NA,
2009,2009-11-29,NA,10,F,82,30,NA,NA,NA,NA,
2009,2009-11-29,NA,331,F,72,17,NA,NA,NA,NA,
2009,2009-11-29,NA,200,F,104,66,NA,NA,NA,NA,
2009,2009-11-29,NA,259,M,52,5,NA,NA,NA,NA,button buck
2009,2009-11-29,NA,164,F,86,66,NA,NA,NA,NA,
2009,2009-11-29,NA,486,M,62,6,NA,NA,NA,NA,button buck
2009,2009-11-29,NA,518,F,100,54,NA,NA,NA,NA,
2009,2009-12-01,NA,235,F,94,30,NA,NA,NA,NA,
2009,2009-12-04,NA,259,F,92,30,NA,NA,NA,NA,
2009,2009-12-05,NA,10,F,58,6,NA,NA,NA,NA,
2009,2009-12-05,NA,377,F,84,30,NA,NA,NA,NA,
2009,2009-12-06,NA,470,F,80,42,NA,NA,NA,NA,
2009,2009-12-06,NA,470,F,98,54,NA,NA,NA,NA,
2009,2009-12-06,NA,511,F,84,30,NA,NA,NA,NA,
2009,2009-12-06,NA,514,F,90,42,NA,NA,NA,NA,
2009,2009-12-06,NA,340,M,116,42,25,7,NA,NA,
2009,2009-12-06,NA,409,M,90,19,14,4,NA,NA,
2009,2009-12-06,NA,319,F,98,54,NA,NA,NA,NA,
2009,2009-12-06,NA,377,F,74,17,NA,NA,NA,NA,
2009,2009-12-10,NA,319,M,96,30,22,7,NA,NA,
2009,2009-12-11,NA,92,F,92,66,NA,NA,NA,NA,
2009,2009-12-12,NA,12,F,80,17,NA,NA,NA,NA,
2009,2009-12-12,NA,449,F,86,30,NA,NA,NA,NA,
2009,2009-12-12,NA,227,M,76,17,NA,NA,NA,NA,sublegal
2009,2009-12-12,NA,216,F,86,78,NA,NA,NA,NA,
2009,2009-12-12,NA,319,F,48,6,NA,NA,NA,NA,
2009,2009-12-13,NA,125,M,94,19,16,4,NA,NA,
2009,2009-12-13,NA,215,M,44,6,NA,NA,NA,NA,button buck
2009,,NA,464,F,NA,42,NA,7,NA,NA,
2010,2010-10-16,NA,320,M,106,17,19,5,NA,NA,bow
2010,2010-10-16,NA,228,M,110,17,20,4,NA,NA,bow
2010,2010-11-11,NA,319,M,46,5,NA,NA,NA,NA,bow; button buck; could be 6 months; datasheet had 5-6 months
2010,2010-11-20,NA,409,F,82,66,NA,NA,NA,16,
2010,2010-11-20,NA,207,M,102,18,18,5,NA,NA,
2010,2010-11-20,NA,405,M,100,18,17,5,NA,NA,
2010,2010-11-20,NA,498,F,66,6,NA,NA,NA,NA,
2010,2010-11-20,NA,238,M,160,42,37,8,NA,NA,
2010,2010-11-20,NA,469,M,92,19,16,3,NA,NA,
2010,2010-11-20,NA,9,M,58,6,NA,NA,NA,NA,button buck
2010,2010-11-20,NA,352,M,124,42,25,8,NA,NA,
2010,2010-11-20,NA,377,M,102,17,18,4,NA,NA,
2010,2010-11-20,NA,316,M,104,30,18,4,NA,NA,
2010,2010-11-20,NA,258,F,94,42,NA,NA,NA,14,
2010,2010-11-20,NA,262,F,52,4,NA,NA,NA,NA,button buck; could be 5 months; datasheet had 4-5 months
2010,2010-11-20,NA,227,M,106,30,22,7,NA,NA,
2010,2010-11-20,NA,189,M,82,17,14,2,NA,NA,
2010,2010-11-21,NA,9,F,90,30,NA,NA,NA,16,
2010,2010-11-21,NA,483,M,96,30,24,7,NA,NA,
2010,2010-11-21,NA,332,M,88,30,17,5,NA,NA,
2010,2010-11-21,NA,228,M,120,42,26,7,NA,NA,
2010,2010-11-21,NA,199,F,88,30,NA,NA,NA,20,
2010,2010-11-21,NA,199,F,60,5,NA,NA,NA,NA,
2010,2010-11-24,NA,371,M,90,17,16,7,NA,NA,
2010,2010-11-24,NA,142,F,118,54,NA,NA,NA,13,
2010,2010-11-24,NA,330,F,90,42,NA,NA,NA,16,
2010,2010-11-27,NA,225,F,48,6,NA,NA,NA,NA,
2010,2010-11-27,NA,257,M,90,19,13,2,NA,NA,
2010,2010-11-27,NA,257,F,78,18,NA,NA,NA,10,
2010,2010-11-27,NA,259,M,96,30,21,2,NA,NA,
2010,2010-11-27,NA,371,F,100,54,NA,NA,NA,14,
2010,2010-11-27,NA,228,F,92,42,NA,NA,NA,NA,
2010,2010-11-28,NA,348,M,116,30,24,8,NA,NA,
2010,2010-11-28,NA,333,M,82,19,15,3,NA,NA,
2010,2010-11-28,NA,340,F,90,42,NA,NA,NA,13,
2010,2010-11-30,NA,351,F,82,30,NA,NA,NA,2,
2010,2010-11-30,NA,148,M,72,17,NA,NA,NA,NA,sublegal; antlers less than 3 inches long
2010,2010-11-30,NA,283,M,106,30,24,8,NA,NA,
2010,2010-12-04,NA,84,F,92,54,NA,NA,NA,14,
2010,2010-12-04,NA,444,F,88,30,NA,NA,NA,14,
2010,2010-12-04,NA,97,F,56,6,NA,NA,NA,NA,
2010,2010-12-04,NA,227,F,48,6,NA,NA,NA,NA,
2010,2010-12-04,NA,516,F,88,104,NA,NA,NA,13,age could be 114 months (9.5 years); data sheet gave range of 8.5-9.5
2010,2010-12-04,NA,235,F,54,6,NA,NA,NA,NA,
2010,2010-12-05,NA,215,F,104,78,NA,NA,NA,15,
2010,2010-12-05,NA,483,F,96,54,NA,NA,NA,16,
2010,2010-12-05,NA,486,F,84,42,NA,NA,NA,15,
2010,2010-12-05,NA,483,F,52,6,NA,NA,NA,NA,
2010,2010-12-07,NA,351,F,82,19,NA,NA,NA,8,
2010,2010-12-07,NA,111,F,54,6,NA,NA,NA,NA,
2010,2010-12-07,NA,319,M,116,30,24,9,NA,NA,
2010,2010-12-10,NA,478,M,124,54,29,7,NA,NA,
2010,2010-12-10,NA,409,F,94,30,NA,NA,NA,NA,
2010,2010-12-11,NA,10,M,70,6,NA,NA,NA,NA,button buck
2010,2010-12-11,NA,51,M,92,17,16,4,NA,NA,
2010,2010-12-11,NA,206,F,96,42,NA,NA,NA,21,
2010,2010-12-11,NA,202,M,78,18,17,4,NA,NA,
2010,2010-12-11,NA,130,M,48,6,NA,NA,NA,NA,button buck
2010,2010-12-11,NA,129,F,46,6,NA,NA,NA,NA,
2010,2010-12-11,NA,10,F,76,104,NA,NA,NA,18,age could be 114 months (9.5 years); data sheet gave range of 8.5-9.5
2010,2010-12-12,NA,228,M,100,18,NA,NA,NA,NA,sublegal; antlers less than 3 inches long
2011,2011-10-15,NA,320,M,112,30,24,7,NA,NA,
2011,2011-11-14,NA,319,M,100,18,16,2,NA,NA,
2011,2011-11-19,NA,126,F,86,30,NA,NA,NA,13,
2011,2011-11-19,NA,474,F,82,42,NA,NA,NA,17,
2011,2011-11-19,NA,319,M,86,17,19,6,NA,NA,
2011,2011-11-19,NA,189,M,128,42,24,8,NA,NA,
2011,2011-11-19,NA,135,M,110,30,24,8,NA,NA,
2011,2011-11-19,NA,320,M,130,30,26,8,NA,NA,
2011,2011-11-19,NA,201,M,136,30,28,10,NA,NA,
2011,2011-11-19,NA,501,M,112,42,25,8,NA,NA,
2011,2011-11-19,NA,332,M,42,6,NA,NA,NA,NA,button buck
2011,2011-11-19,NA,483,M,68,18,15,2,NA,NA,
2011,2011-11-19,NA,409,M,80,18,16,5,NA,NA,
2011,2011-11-20,NA,216,M,84,19,12,NA,NA,NA,antlers shed post mortem; had 1 antler to measure beam diameter
2011,2011-11-20,NA,469,M,104,18,16,5,NA,NA,
2011,2011-11-20,NA,194,M,102,30,21,5,NA,NA,
2011,2011-11-20,NA,297,M,104,18,17,4,NA,NA,
2011,2011-11-20,NA,319,F,100,66,NA,NA,NA,16,
2011,2011-11-20,NA,488,M,114,30,24,8,NA,NA,
2011,2011-11-21,NA,12,F,98,66,NA,NA,NA,15,
2011,2011-11-21,NA,372,F,46,6,NA,NA,NA,NA,
2011,2011-11-22,NA,340,M,92,18,15,3,NA,NA,
2011,2011-11-24,NA,334,M,108,30,25,7,NA,NA,
2011,2011-11-24,NA,215,M,126,66,30,8,NA,NA,
2011,2011-11-24,NA,319,F,68,78,NA,NA,NA,18,
2011,2011-11-25,NA,348,F,58,18,NA,NA,NA,6,
2011,2011-11-25,NA,351,F,42,6,NA,NA,NA,4,
2011,2011-11-25,NA,216,F,76,42,NA,NA,NA,18,
2011,2011-11-25,NA,206,M,126,42,26,8,NA,NA,
2011,2011-11-27,NA,352,M,44,5,NA,NA,NA,NA,button buck
2011,2011-11-29,NA,228,F,84,18,NA,NA,NA,7,
2011,2011-12-01,NA,319,M,88,19,15,4,NA,NA,
2011,2011-12-01,NA,214,F,46,6,NA,NA,NA,NA,
2011,2011-12-01,NA,214,F,76,30,NA,NA,NA,15,
2011,2011-12-01,NA,42,F,66,17,NA,NA,NA,15,
2011,2011-12-01,NA,227,M,88,19,16,6,NA,NA,
2011,2011-12-02,NA,84,F,52,6,NA,NA,NA,NA,
2011,2011-12-03,NA,140,M,78,19,NA,NA,NA,NA,antlers shed
2011,2011-12-10,NA,293,F,34,5,NA,NA,NA,NA,
2011,2011-12-10,NA,293,F,76,19,NA,NA,NA,7,
2011,2011-12-10,NA,477,F,92,126,NA,NA,NA,18,
2011,2011-12-10,NA,215,F,70,18,NA,NA,NA,7,
2011,2011-12-10,NA,225,M,80,17,15,4,NA,NA,
2011,2011-12-10,NA,340,F,72,17,NA,NA,NA,7,
2011,2011-12-10,NA,319,F,40,6,NA,NA,NA,NA,
2011,2011-12-16,NA,319,M,110,54,NA,NA,NA,NA,antlers shed; late bow season
2011,2011-12-17,NA,518,F,92,54,NA,NA,NA,NA,muzzle loader
2011,2011-12-17,NA,227,F,66,30,NA,NA,NA,NA,muzzle loader
2012,2012-11-17,NA,371,M,136,42,32,10,NA,NA,
2012,2012-11-17,NA,377,M,94,19,15,3,NA,NA,
2012,2012-11-17,NA,263,M,120,30,20,5,NA,NA,
2012,2012-11-17,NA,409,F,50,6,NA,NA,NA,NA,
2012,2012-11-17,NA,257,M,112,30,24,8,NA,NA,
2012,2012-11-17,NA,262,F,82,54,NA,NA,NA,NA,
2012,2012-11-17,NA,204,M,110,42,25,8,NA,NA,
2012,2012-11-17,NA,332,M,108,30,20,4,NA,NA,
2012,2012-11-17,NA,340,F,52,6,NA,NA,NA,NA,
2012,2012-11-17,NA,4,F,86,42,NA,NA,NA,NA,
2012,2012-11-17,NA,5,M,50,6,NA,NA,NA,NA,button buck
2012,2012-11-17,NA,148,M,100,30,18,4,NA,NA,
2012,2012-11-18,NA,130,M,82,17,18,3,NA,NA,
2012,2012-11-18,NA,12,M,120,30,24,9,NA,NA,
2012,2012-11-18,NA,23,M,122,54,28,9,NA,NA,
2012,2012-11-18,NA,227,F,40,6,NA,NA,NA,NA,
2012,2012-11-20,NA,319,F,76,54,NA,NA,NA,NA,
2012,2012-11-21,NA,338,M,90,30,17,5,NA,NA,
2012,2012-11-22,NA,466,M,120,30,21,6,NA,NA,
2012,2012-11-22,NA,483,M,66,18,NA,NA,NA,NA,sublegal; antlers less than 3 inches long
2012,2012-11-23,NA,257,F,72,30,NA,NA,NA,17,
2012,2012-11-24,NA,182,M,122,30,20,3,NA,NA,
2012,2012-11-25,NA,269,M,100,30,20,6,NA,NA,
2012,2012-12-01,NA,425,F,72,78,NA,NA,NA,17,
2012,2012-12-06,NA,319,M,68,17,NA,NA,NA,NA,sublegal; antlers less than 3 inches long
2012,2012-12-08,NA,350,F,92,42,NA,NA,NA,16,
2012,2012-12-09,NA,227,F,42,6,NA,NA,NA,NA,
2012,2012-12-09,NA,319,F,92,90,NA,NA,NA,16,
2013,2013-11-16,NA,315,M,94,30,19,5,NA,NA,
2013,2013-11-16,NA,467,M,118,30,25,6,NA,NA,
2013,2013-11-16,NA,148,M,106,30,25,7,NA,NA,
2013,2013-11-16,NA,190,M,102,19,19,4,NA,NA,
2013,2013-11-16,NA,320,M,98,30,19,6,NA,NA,
2013,2013-11-16,NA,260,F,90,42,NA,NA,NA,NA,
2013,2013-11-16,NA,18,M,118,42,22,6,NA,NA,
2013,2013-11-16,NA,340,M,88,30,18,6,NA,NA,
2013,2013-11-16,NA,332,F,88,42,NA,NA,NA,NA,
2013,2013-11-16,NA,486,M,82,17,11,2,NA,NA,
2013,2013-11-17,NA,370,M,80,18,10,2,NA,NA,
2013,2013-11-17,NA,96,M,92,30,20,4,NA,NA,
2013,2013-11-17,NA,197,F,58,7,NA,NA,NA,NA,
2013,2013-11-18,NA,486,F,86,42,NA,NA,NA,16,
2013,2013-11-18,NA,254,M,130,30,26,8,NA,NA,
2013,2013-11-19,NA,508,M,50,6,NA,NA,NA,NA,button buck
2013,2013-11-21,NA,216,M,110,30,25,4,NA,NA,
2013,2013-11-21,NA,425,F,90,42,NA,NA,NA,NA,
2013,2013-11-21,NA,319,F,48,6,NA,NA,NA,NA,
2013,2013-11-22,NA,319,F,78,30,NA,NA,NA,NA,
2013,2013-11-22,NA,317,M,48,6,NA,NA,NA,NA,button buck
2013,2013-11-23,NA,172,F,78,30,NA,NA,NA,NA,
2013,2013-11-23,NA,172,F,44,5,NA,NA,NA,NA,
2013,2013-11-24,NA,425,M,78,18,NA,NA,NA,NA,sublegal; antlers less than 3 inches long
2013,2013-11-24,NA,340,F,78,66,NA,NA,NA,NA,
2013,2013-11-24,NA,319,M,138,42,29,9,NA,NA,
2013,2013-11-25,NA,409,M,90,12,NA,NA,NA,NA,sublegal; antlers less than 3 inches long
2013,2013-11-30,NA,227,M,126,42,27,5,NA,NA,
2013,2013-11-30,NA,5,M,90,17,20,4,NA,NA,
2013,2013-12-03,NA,332,M,80,18,12,NA,NA,NA,antler shed
2013,2013-12-04,NA,70,M,102,54,26,6,NA,NA,
2013,2013-12-07,NA,152,F,65,NA,NA,NA,NA,NA,
2013,2013-12-08,NA,194,M,50,6,NA,NA,NA,NA,button buck
2014,2014-11-15,NA,194,M,130,30,26,3,NA,NA,one antler shed; remaining antler had 3 points assuming full rack would be 6
2014,2014-11-15,NA,466,M,122,54,28,6,NA,NA,
2014,2014-11-15,NA,324,M,92,18,14,2,NA,NA,
2014,2014-11-15,NA,297,F,90,30,NA,NA,NA,14,
2014,2014-11-15,NA,333,M,108,30,25,4,NA,NA,one side of rack busted
2014,2014-11-15,NA,18,M,122,30,23,6,NA,NA,
2014,2014-11-15,NA,331,M,116,30,21,4,NA,NA,
2014,2014-11-15,NA,330,F,94,30,NA,NA,NA,14,
2014,2014-11-15,NA,330,M,84,18,NA,NA,NA,NA,sublegal; antlers less than 3 inches long
2014,2014-11-15,NA,332,M,102,17,NA,NA,NA,NA,sublegal; antlers less than 3 inches long
2014,2014-11-15,NA,518,M,102,30,23,4,NA,NA,
2014,2014-11-16,NA,2,M,94,17,14,2,NA,NA,
2014,2014-11-16,NA,215,F,34,6,NA,NA,NA,NA,
2014,2014-11-16,NA,319,F,98,42,NA,NA,NA,14,
2014,2014-11-16,NA,319,M,98,42,23,8,NA,NA,
2014,2014-11-22,NA,332,M,116,42,26,7,NA,NA,
2014,2014-11-23,NA,234,F,105,42,NA,NA,NA,15,
2014,2014-11-25,NA,316,F,96,30,NA,NA,NA,16,
2014,2014-11-25,NA,373,M,106,30,18,5,NA,NA,
2014,2014-11-28,NA,470,M,80,18,14,3,NA,NA,
2014,2014-11-29,NA,228,F,82,66,NA,NA,NA,12,
2014,2014-11-30,NA,340,F,52,6,NA,NA,NA,NA,
2014,2014-12-04,NA,332,F,86,42,NA,NA,NA,10,
2014,2014-12-07,NA,425,F,108,42,NA,NA,NA,16,
2014,2014-12-15,NA,319,F,92,54,NA,NA,NA,17,
2015,2015-11-21,NA,135,M,86,17,14,4,NA,NA,
2015,2015-11-21,NA,168,M,100,30,18,2,NA,NA,
2015,2015-11-21,NA,297,M,96,18,15,4,NA,NA,
2015,2015-11-21,NA,320,M,110,30,24,7,NA,NA,
2015,2015-11-21,NA,189,M,98,42,22,7,NA,NA,
2015,2015-11-21,NA,148,M,150,42,28,9,NA,NA,
2015,2015-11-21,NA,227,M,86,18,16,3,NA,NA,
2015,2015-11-22,NA,11,M,52,6,NA,NA,NA,NA,button buck
2015,2015-11-22,NA,425,M,76,19,13,2,NA,NA,
2015,2015-11-24,NA,319,M,92,42,NA,NA,NA,15,
2015,2015-11-24,NA,241,M,94,19,18,6,NA,NA,
2015,2015-11-25,NA,298,M,108,30,22,5,NA,NA,
2015,2015-11-29,NA,257,F,90,42,NA,NA,NA,NA,
2015,2015-12-06,NA,258,M,90,18,14,4,NA,NA,
2015,2015-12-08,NA,372,M,150,66,32,7,NA,NA,
2015,2015-12-12,NA,214,F,92,42,NA,NA,NA,NA,
2015,2015-12-13,NA,391,M,68,6,NA,NA,NA,NA,button buck
2015,2015-12-13,NA,258,F,90,54,NA,NA,NA,NA,
2015,2015-12-13,NA,319,F,75,19,NA,NA,NA,NA,hunter found next day and was partially eaten by scavengers
2015,,NA,518,F,86,30,NA,NA,NA,12,
2015,,NA,1,M,100,30,17,4,NA,NA,
2016,2016-11-12,NA,236,M,124,30,23,8,NA,NA,crossbow
2016,2016-11-19,NA,403,M,88,18,16,2,NA,NA,
2016,2016-11-19,NA,494,F,82,19,NA,NA,NA,NA,
2016,2016-11-19,NA,377,M,116,30,18,2,NA,NA,
2016,2016-11-19,NA,315,M,90,17,16,2,NA,NA,
2016,2016-11-19,NA,216,M,112,19,20,6,NA,NA,
2016,2016-11-19,NA,168,M,118,30,25,8,NA,NA,
2016,2016-11-19,NA,332,F,88,30,NA,NA,NA,NA,
2016,2016-11-20,NA,319,M,98,19,20,4,NA,NA,
2016,2016-11-20,NA,214,F,102,30,NA,NA,NA,NA,
2016,2016-11-21,NA,319,M,54,6,NA,NA,NA,NA,button buck
2016,2016-11-21,NA,319,F,84,30,NA,NA,NA,NA,
2016,2016-11-21,NA,7,M,126,42,30,8,NA,NA,
2016,2016-11-21,NA,317,F,90,42,NA,NA,NA,19,
2016,2016-11-22,NA,317,M,150,54,34,10,NA,NA,
2016,2016-11-22,NA,6,M,102,30,22,6,NA,NA,hunter recontacted to measure age and rack; missing on original datasheet
2016,2016-11-23,NA,394,F,88,30,NA,NA,NA,NA,
2016,2016-11-24,NA,311,F,92,30,NA,NA,NA,NA,
2016,2016-11-25,NA,227,M,98,17,18,4,NA,NA,
2016,2016-11-26,NA,257,F,96,30,NA,NA,NA,NA,hunter recontacted to measure age;  missing on original datasheet
2016,2016-11-29,NA,319,M,94,17,14,2,NA,NA,
2016,2016-12-01,NA,469,M,88,19,16,2,NA,NA,
2016,2016-12-10,NA,297,F,56,6,NA,NA,NA,NA,
2017,2017-11-18,1,377,M,114,30,28,8,NA,NA,
2017,2017-11-18,2,115,M,158,54,29,8,NA,NA,
2017,2017-11-18,3,483,F,90,42,NA,NA,NA,NA,doe with milk
2017,2017-11-22,6,194,F,114,42,NA,NA,NA,NA,seen with another deer
2017,2017-11-23,7,91,M,138,42,31,8,NA,NA,deer was alone
2017,2017-11-18,4,323,M,135,78,30,7,NA,NA,
2017,2017-11-18,5,143,M,90,17,18,4,NA,NA,
2017,2017-11-24,8,254,M,82,19,NA,NA,NA,NA,sublegal; seen with 6 point buck
2017,2017-11-24,9,149,F,90,54,NA,NA,NA,NA,
2017,2017-11-24,10,297,F,96,30,NA,NA,NA,NA,
2017,2017-11-24,11,324,F,50,6,NA,NA,NA,NA,
2017,2017-11-24,13,297,F,92,42,NA,NA,NA,NA,
2017,2017-11-24,12,390,M,100,30,20,5,NA,NA,
2017,2017-11-24,14,267,M,60,NA,NA,NA,NA,NA,button buck; alone
2017,,15,254,M,122,66,23,5,NA,NA,
2017,2017-12-10,16,311,F,115,18,NA,NA,NA,NA,
2017,2017-12-10,17,409,M,88,NA,16,4,NA,NA,
2018,2018-11-17,NA,412,M,136,42,31,8,NA,NA,
2018,2018-11-17,NA,190,M,114,19,24,4,NA,NA,
2018,2018-11-17,NA,319,M,114,30,24,8,NA,NA,
2018,2018-11-17,NA,208,F,52,6,NA,NA,NA,NA,"exact age not recorded, just listed as fawn; put in 6 months which is the average age of a fawn during hunting seaon"
2018,2018-11-18,NA,478,M,108,30,28,7,NA,NA,
2018,2018-11-19,NA,483,F,88,19,NA,NA,NA,NA,
2018,2018-11-20,NA,323,M,156,54,42,16,NA,NA,
2018,2018-11-21,NA,256,F,112,54,NA,NA,NA,14,
2018,2018-11-22,NA,466,F,84,17,NA,NA,NA,10,
2018,2018-11-23,NA,466,M,48,6,NA,NA,NA,NA,button buck
2018,2018-11-24,NA,472,F,110,30,NA,NA,NA,15,
2018,2018-11-25,NA,311,M,54,5,NA,NA,NA,NA,button buck
2018,2018-11-26,NA,194,F,92,30,NA,NA,NA,16,
2019,2019-11-16,NA,391,M,150,54,34,8,NA,NA,
2019,2019-11-16,NA,340,M,132,42,26,6,NA,NA,
2019,2019-11-16,NA,7,M,106,30,24,8,NA,NA,
2019,2019-11-16,NA,264,M,134,30,23,6,NA,NA,
2019,2019-11-16,NA,255,M,122,30,22,5,NA,NA,
2019,2019-11-16,NA,470,M,98,30,22,6,NA,NA,
2019,2019-11-16,NA,403,M,110,17,20,4,NA,NA,
2019,2019-11-16,NA,409,F,54,5,NA,NA,NA,NA,age could be 6 months; datasheet gave 5-6 months
2019,2019-11-16,NA,319,F,52,5,NA,NA,NA,NA,age could be 6 months; datasheet gave 5-6 months
2019,2019-11-17,NA,148,M,116,30,25,8,NA,NA,
2019,2019-11-17,NA,474,M,120,42,24,8,NA,NA,
2019,2019-11-17,NA,315,M,94,19,19,6,NA,NA,
2019,2019-11-17,NA,227,M,90,18,18,5,NA,NA,
2019,2019-11-17,NA,319,F,92,42,NA,NA,NA,NA,
2019,2019-11-17,NA,478,F,90,19,NA,NA,NA,NA,
2019,2019-11-18,NA,214,M,46,5,NA,NA,NA,NA,button buck
2019,2019-11-19,NA,214,F,90,17,NA,NA,NA,7,
2019,2019-11-20,NA,316,M,89,17,14,2,NA,NA,
2019,2019-11-20,NA,316,F,84,19,NA,NA,NA,9,
2019,2019-11-23,NA,395,M,108,30,26,8,NA,NA,
2019,2019-11-23,NA,297,M,114,30,20,6,NA,NA,
2019,2019-11-26,NA,258,M,95,19,15,2,NA,NA,
2019,2019-11-29,NA,311,F,52,5,NA,NA,NA,NA,
2019,2019-12-03,NA,311,F,82,19,NA,NA,NA,9,
2019,2019-12-07,NA,319,M,104,30,28,8,NA,NA,
2019,2019-12-07,NA,319,M,112,30,23,6,NA,NA,
2019,2019-12-08,NA,104,M,114,42,32,8,NA,NA,
2019,2019-12-08,NA,104,F,87,30,NA,NA,NA,NA,
2020,2020-11-21,NA,201,M,154,42,32,8,NA,NA,
2020,2020-11-21,NA,352,M,120,30,25,8,NA,NA,
2020,2020-11-22,NA,192,M,122,42,29,10,NA,NA,
2020,2020-11-22,NA,199,M,116,30,26,6,NA,NA,
2020,2020-11-22,NA,148,M,112,30,22,6,NA,NA,
2020,2020-11-22,NA,340,F,98,30,NA,NA,NA,12,
2020,2020-11-22,NA,191,M,96,30,23,8,NA,NA,
2020,2020-11-22,NA,90,M,82,19,15,2,NA,NA,
2020,2020-11-22,NA,407,F,30,6,NA,NA,NA,NA,"exact age not recorded, just listed as fawn; put in 6 months which is the average age of a fawn during hunting seaon"
2020,2020-11-23,NA,104,F,108,42,NA,NA,NA,17,
2020,2020-11-24,NA,319,M,98,19,29,6,NA,NA,
2020,2020-11-24,NA,407,F,32,6,NA,NA,NA,NA,"exact age not recorded, just listed as fawn; put in 6 months which is the average age of a fawn during hunting seaon"
2020,2020-11-28,NA,311,M,70,19,13,2,NA,NA,
2020,2020-11-29,NA,304,M,130,42,27,6,NA,NA,
2020,2020-12-04,NA,133,M,114,30,22,2,NA,NA,
2020,2020-12-05,NA,227,M,116,30,18,8,NA,NA,
2020,2020-12-05,NA,311,F,90,30,NA,NA,NA,11,
2020,2020-12-06,NA,133,F,76,30,NA,NA,NA,11,
2020,2020-12-06,NA,319,M,56,6,NA,NA,NA,NA,"exact age not recorded, just listed as fawn; put in 6 months which is the average age of a fawn during hunting seaon"
2020,2020-12-06,NA,104,M,53,6,NA,NA,NA,NA,"exact age not recorded, just listed as fawn; put in 6 months which is the average age of a fawn during hunting seaon"
2020,2020-12-06,NA,214,F,46,6,NA,NA,NA,NA,"exact age not recorded, just listed as fawn; put in 6 months which is the average age of a fawn during hunting seaon"
2020,2020-12-07,NA,255,F,86,66,NA,NA,NA,16,
2020,2020-12-09,NA,254,F,82,90,NA,NA,NA,17,
2020,2020-12-11,NA,214,F,92,30,NA,NA,NA,13,
2021,2021-11-06,NA,409,F,106,66,NA,NA,NA,12,
2021,2021-11-19,NA,409,F,100,30,NA,NA,NA,16,
2021,2021-11-20,NA,320,M,150,42,34,8,NA,NA,
2021,2021-11-20,NA,414,F,106,42,NA,NA,NA,20,
2021,2021-11-20,NA,503,M,92,3,24,7,NA,NA,
2021,2021-11-20,NA,258,M,91,30,15,3,NA,NA,
2021,2021-11-20,NA,319,M,80,18,14,2,NA,NA,
2021,2021-11-20,NA,114,M,60,6,NA,NA,NA,NA,button buck
2021,2021-11-20,NA,377,M,58,6,NA,NA,NA,NA,button buck
2021,2021-11-21,NA,134,M,118,42,31,8,NA,NA,
2021,2021-11-21,NA,134,F,98,42,NA,NA,NA,16,
2021,2021-11-21,NA,377,M,88,19,17,4,NA,NA,
2021,2021-11-26,NA,391,M,109,19,17,2,NA,NA,
2021,2021-11-26,NA,297,M,90,19,13,2,NA,NA,
2021,2021-12-05,NA,256,M,112,18,14,2,NA,NA,
2021,2021-12-10,NA,311,F,90,30,NA,NA,NA,12,
2022,2022-11-19,NA,196,M,108,30,20,5,NA,NA,Broken points
2022,2022-11-19,NA,258,M,108,30,22,7,NA,NA,
2022,2022-11-19,NA,257,M,88,19,18,8,NA,NA,
2022,2022-11-19,NA,291,M,122,42,28,8,NA,NA,
2022,2022-11-19,NA,133,F,86,42,NA,NA,NA,14,
2022,2022-11-19,NA,133,F,85,42,NA,NA,NA,14,
2022,2022-11-21,NA,133,M,95,17,16,6,NA,NA,
2022,2022-11-26,NA,104,F,91,30,NA,NA,NA,14,
2022,2022-11-26,NA,104,F,54,6,NA,NA,NA,7,"exact age not recorded, just listed as fawn; put in 6 months which is the average age of a fawn during hunting seaon"
2022,2022-11-29,NA,214,F,80,19,NA,NA,NA,9,
2022,2022-12-04,NA,194,M,82,19,12,2,NA,NA,
2022,2022-12-05,NA,311,M,70,19,16,3,NA,NA,
2022,2022-12-06,NA,311,F,49,6,NA,NA,NA,NA,"exact age not recorded, just listed as fawn; put in 6 months which is the average age of a fawn during hunting seaon"
2022,2022-12-08,NA,353,M,116,19,20,6,NA,NA,2 Broken Points
2022,2022-12-09,NA,411,F,113,42,NA,NA,NA,11,"146lbs live weight , mammary glands dry"
2022,2022-12-10,NA,409,M,120,42,NA,NA,NA,NA,antlers shed
2023,2023-11-18,1,254,F,98,42,NA,NA,NA,NA,
2023,2023-11-18,2,409,F,80,19,NA,NA,NA,NA,
2023,2023-11-18,3,258,M,94,19,NA,2,NA,NA,sublegal; antlers less than 3 inches long
2023,2023-11-18,4,104,M,114,30,25,7,NA,NA,
2023,2023-11-19,5,133,M,104,30,22,4,NA,NA,
2023,2023-11-19,6,321,M,84,18,19,4,NA,NA,
2023,2023-11-19,7,319,M,98,18,15,3,NA,NA,
2023,2023-11-19,8,319,F,110,66,NA,NA,NA,NA,
2023,2023-11-23,9,340,M,114,18,17,4,NA,NA,
2023,2023-11-25,10,426,M,76,18,15,4,NA,NA,
2023,2023-11-25,11,227,F,52,6,NA,NA,NA,NA,"exact age not recorded, just listed as fawn; put in 6 months which is the average age of a fawn during hunting seaon"
2023,2023-11-25,12,227,F,44,6,NA,NA,NA,NA,"exact age not recorded, just listed as fawn; put in 6 months which is the average age of a fawn during hunting seaon"
2023,2023-11-29,13,214,M,111,30,27,7,NA,NA,
2023,2023-12-10,14,297,M,120,54,32,8,NA,NA,
2023,2023-12-10,15,391,M,142,54,30,5,NA,NA,
2023,2023-12-13,16,193,F,94,30,NA,NA,NA,NA,
2024,2024-11-09,NA,104,M,106,30,21,7,NA,NA,
2024,2024-11-16,NA,404,M,110,30,18,4,NA,NA,
2024,2024-11-16,NA,297,M,150,54,30,7,NA,NA,
2024,2024-11-16,NA,189,M,102,30,18,4,NA,NA,
2024,2024-11-16,NA,191,M,120,66,31,8,NA,NA,
2024,2024-11-16,NA,292,M,148,66,28,7,NA,NA,
2024,2024-11-16,NA,133,M,96,18,18,5,NA,NA,
2024,2024-11-18,NA,147,M,108,30,25,8,NA,NA,
2024,2024-11-18,NA,209,M,128,30,22,6,NA,NA,
2024,2024-11-18,NA,104,M,140,66,40,8,NA,NA,
2024,2024-11-18,NA,302,M,142,54,34,8,NA,NA,
2024,2024-11-20,NA,194,M,110,30,26,8,NA,NA,
2024,2024-11-20,NA,466,M,92,19,19,3,NA,NA,
2024,2024-11-20,NA,353,M,106,18,21,8,NA,NA,
2024,2024-11-24,NA,316,F,64,6,NA,NA,NA,NA,
2024,2024-11-25,NA,316,M,118,30,19,5,NA,NA,
2024,2024-11-25,NA,319,M,130,42,25,6,NA,NA,
2024,2024-11-27,NA,410,M,82,17,15,2,NA,NA,
2024,2024-12-03,NA,310,M,94,19,18,5,NA,NA,
2024,2024-12-06,NA,104,F,66,6,NA,NA,NA,NA,
2024,2024-12-07,NA,104,F,94,42,NA,NA,NA,18,
2024,2024-12-07,NA,264,F,54,6,NA,NA,NA,NA,
2024,2024-12-07,NA,227,F,112,42,NA,NA,NA,19,
2024,2024-12-07,NA,227,F,54,6,NA,NA,NA,NA,
2024,2024-12-07,NA,470,M,136,42,33,6,NA,NA,
